start,start_state,digit_multiset,x,y,first_result,first_result_state,distance_to_6174,trajectory
14,0014,0014,4,1,4086,4086,7.0,0014 -> 4086 -> 8172 -> 7443 -> 3996 -> 6264 -> 4176 -> 6174 -> 6174
15,0015,0015,5,1,5085,5085,7.0,0015 -> 5085 -> 7992 -> 7173 -> 6354 -> 3087 -> 8352 -> 6174 -> 6174
16,0016,0016,6,1,6084,6084,7.0,0016 -> 6084 -> 8172 -> 7443 -> 3996 -> 6264 -> 4176 -> 6174 -> 6174
25,0025,0025,5,2,5175,5175,7.0,0025 -> 5175 -> 5994 -> 5355 -> 1998 -> 8082 -> 8532 -> 6174 -> 6174
41,0041,0014,4,1,4086,4086,7.0,0041 -> 4086 -> 8172 -> 7443 -> 3996 -> 6264 -> 4176 -> 6174 -> 6174
49,0049,0049,9,4,9351,9351,7.0,0049 -> 9351 -> 8172 -> 7443 -> 3996 -> 6264 -> 4176 -> 6174 -> 6174
51,0051,0015,5,1,5085,5085,7.0,0051 -> 5085 -> 7992 -> 7173 -> 6354 -> 3087 -> 8352 -> 6174 -> 6174
52,0052,0025,5,2,5175,5175,7.0,0052 -> 5175 -> 5994 -> 5355 -> 1998 -> 8082 -> 8532 -> 6174 -> 6174
58,0058,0058,8,5,8442,8442,7.0,0058 -> 8442 -> 5994 -> 5355 -> 1998 -> 8082 -> 8532 -> 6174 -> 6174
59,0059,0059,9,5,9441,9441,7.0,0059 -> 9441 -> 7992 -> 7173 -> 6354 -> 3087 -> 8352 -> 6174 -> 6174
61,0061,0016,6,1,6084,6084,7.0,0061 -> 6084 -> 8172 -> 7443 -> 3996 -> 6264 -> 4176 -> 6174 -> 6174
69,0069,0069,9,6,9531,9531,7.0,0069 -> 9531 -> 8172 -> 7443 -> 3996 -> 6264 -> 4176 -> 6174 -> 6174
85,0085,0058,8,5,8442,8442,7.0,0085 -> 8442 -> 5994 -> 5355 -> 1998 -> 8082 -> 8532 -> 6174 -> 6174
94,0094,0049,9,4,9351,9351,7.0,0094 -> 9351 -> 8172 -> 7443 -> 3996 -> 6264 -> 4176 -> 6174 -> 6174
95,0095,0059,9,5,9441,9441,7.0,0095 -> 9441 -> 7992 -> 7173 -> 6354 -> 3087 -> 8352 -> 6174 -> 6174
96,0096,0069,9,6,9531,9531,7.0,0096 -> 9531 -> 8172 -> 7443 -> 3996 -> 6264 -> 4176 -> 6174 -> 6174
104,0104,0014,4,1,4086,4086,7.0,0104 -> 4086 -> 8172 -> 7443 -> 3996 -> 6264 -> 4176 -> 6174 -> 6174
105,0105,0015,5,1,5085,5085,7.0,0105 -> 5085 -> 7992 -> 7173 -> 6354 -> 3087 -> 8352 -> 6174 -> 6174
106,0106,0016,6,1,6084,6084,7.0,0106 -> 6084 -> 8172 -> 7443 -> 3996 -> 6264 -> 4176 -> 6174 -> 6174
124,0124,0124,4,1,4086,4086,7.0,0124 -> 4086 -> 8172 -> 7443 -> 3996 -> 6264 -> 4176 -> 6174 -> 6174
125,0125,0125,5,1,5085,5085,7.0,0125 -> 5085 -> 7992 -> 7173 -> 6354 -> 3087 -> 8352 -> 6174 -> 6174
126,0126,0126,6,1,6084,6084,7.0,0126 -> 6084 -> 8172 -> 7443 -> 3996 -> 6264 -> 4176 -> 6174 -> 6174
135,0135,0135,5,2,5175,5175,7.0,0135 -> 5175 -> 5994 -> 5355 -> 1998 -> 8082 -> 8532 -> 6174 -> 6174
140,0140,0014,4,1,4086,4086,7.0,0140 -> 4086 -> 8172 -> 7443 -> 3996 -> 6264 -> 4176 -> 6174 -> 6174
142,0142,0124,4,1,4086,4086,7.0,0142 -> 4086 -> 8172 -> 7443 -> 3996 -> 6264 -> 4176 -> 6174 -> 6174
150,0150,0015,5,1,5085,5085,7.0,0150 -> 5085 -> 7992 -> 7173 -> 6354 -> 3087 -> 8352 -> 6174 -> 6174
152,0152,0125,5,1,5085,5085,7.0,0152 -> 5085 -> 7992 -> 7173 -> 6354 -> 3087 -> 8352 -> 6174 -> 6174
153,0153,0135,5,2,5175,5175,7.0,0153 -> 5175 -> 5994 -> 5355 -> 1998 -> 8082 -> 8532 -> 6174 -> 6174
159,0159,0159,9,4,9351,9351,7.0,0159 -> 9351 -> 8172 -> 7443 -> 3996 -> 6264 -> 4176 -> 6174 -> 6174
160,0160,0016,6,1,6084,6084,7.0,0160 -> 6084 -> 8172 -> 7443 -> 3996 -> 6264 -> 4176 -> 6174 -> 6174
162,0162,0126,6,1,6084,6084,7.0,0162 -> 6084 -> 8172 -> 7443 -> 3996 -> 6264 -> 4176 -> 6174 -> 6174
168,0168,0168,8,5,8442,8442,7.0,0168 -> 8442 -> 5994 -> 5355 -> 1998 -> 8082 -> 8532 -> 6174 -> 6174
169,0169,0169,9,5,9441,9441,7.0,0169 -> 9441 -> 7992 -> 7173 -> 6354 -> 3087 -> 8352 -> 6174 -> 6174
179,0179,0179,9,6,9531,9531,7.0,0179 -> 9531 -> 8172 -> 7443 -> 3996 -> 6264 -> 4176 -> 6174 -> 6174
186,0186,0168,8,5,8442,8442,7.0,0186 -> 8442 -> 5994 -> 5355 -> 1998 -> 8082 -> 8532 -> 6174 -> 6174
195,0195,0159,9,4,9351,9351,7.0,0195 -> 9351 -> 8172 -> 7443 -> 3996 -> 6264 -> 4176 -> 6174 -> 6174
196,0196,0169,9,5,9441,9441,7.0,0196 -> 9441 -> 7992 -> 7173 -> 6354 -> 3087 -> 8352 -> 6174 -> 6174
197,0197,0179,9,6,9531,9531,7.0,0197 -> 9531 -> 8172 -> 7443 -> 3996 -> 6264 -> 4176 -> 6174 -> 6174
205,0205,0025,5,2,5175,5175,7.0,0205 -> 5175 -> 5994 -> 5355 -> 1998 -> 8082 -> 8532 -> 6174 -> 6174
214,0214,0124,4,1,4086,4086,7.0,0214 -> 4086 -> 8172 -> 7443 -> 3996 -> 6264 -> 4176 -> 6174 -> 6174
215,0215,0125,5,1,5085,5085,7.0,0215 -> 5085 -> 7992 -> 7173 -> 6354 -> 3087 -> 8352 -> 6174 -> 6174
216,0216,0126,6,1,6084,6084,7.0,0216 -> 6084 -> 8172 -> 7443 -> 3996 -> 6264 -> 4176 -> 6174 -> 6174
234,0234,0234,4,1,4086,4086,7.0,0234 -> 4086 -> 8172 -> 7443 -> 3996 -> 6264 -> 4176 -> 6174 -> 6174
235,0235,0235,5,1,5085,5085,7.0,0235 -> 5085 -> 7992 -> 7173 -> 6354 -> 3087 -> 8352 -> 6174 -> 6174
236,0236,0236,6,1,6084,6084,7.0,0236 -> 6084 -> 8172 -> 7443 -> 3996 -> 6264 -> 4176 -> 6174 -> 6174
241,0241,0124,4,1,4086,4086,7.0,0241 -> 4086 -> 8172 -> 7443 -> 3996 -> 6264 -> 4176 -> 6174 -> 6174
243,0243,0234,4,1,4086,4086,7.0,0243 -> 4086 -> 8172 -> 7443 -> 3996 -> 6264 -> 4176 -> 6174 -> 6174
245,0245,0245,5,2,5175,5175,7.0,0245 -> 5175 -> 5994 -> 5355 -> 1998 -> 8082 -> 8532 -> 6174 -> 6174
250,0250,0025,5,2,5175,5175,7.0,0250 -> 5175 -> 5994 -> 5355 -> 1998 -> 8082 -> 8532 -> 6174 -> 6174
251,0251,0125,5,1,5085,5085,7.0,0251 -> 5085 -> 7992 -> 7173 -> 6354 -> 3087 -> 8352 -> 6174 -> 6174
253,0253,0235,5,1,5085,5085,7.0,0253 -> 5085 -> 7992 -> 7173 -> 6354 -> 3087 -> 8352 -> 6174 -> 6174
254,0254,0245,5,2,5175,5175,7.0,0254 -> 5175 -> 5994 -> 5355 -> 1998 -> 8082 -> 8532 -> 6174 -> 6174
261,0261,0126,6,1,6084,6084,7.0,0261 -> 6084 -> 8172 -> 7443 -> 3996 -> 6264 -> 4176 -> 6174 -> 6174
263,0263,0236,6,1,6084,6084,7.0,0263 -> 6084 -> 8172 -> 7443 -> 3996 -> 6264 -> 4176 -> 6174 -> 6174
269,0269,0269,9,4,9351,9351,7.0,0269 -> 9351 -> 8172 -> 7443 -> 3996 -> 6264 -> 4176 -> 6174 -> 6174
278,0278,0278,8,5,8442,8442,7.0,0278 -> 8442 -> 5994 -> 5355 -> 1998 -> 8082 -> 8532 -> 6174 -> 6174
279,0279,0279,9,5,9441,9441,7.0,0279 -> 9441 -> 7992 -> 7173 -> 6354 -> 3087 -> 8352 -> 6174 -> 6174
287,0287,0278,8,5,8442,8442,7.0,0287 -> 8442 -> 5994 -> 5355 -> 1998 -> 8082 -> 8532 -> 6174 -> 6174
289,0289,0289,9,6,9531,9531,7.0,0289 -> 9531 -> 8172 -> 7443 -> 3996 -> 6264 -> 4176 -> 6174 -> 6174
296,0296,0269,9,4,9351,9351,7.0,0296 -> 9351 -> 8172 -> 7443 -> 3996 -> 6264 -> 4176 -> 6174 -> 6174
297,0297,0279,9,5,9441,9441,7.0,0297 -> 9441 -> 7992 -> 7173 -> 6354 -> 3087 -> 8352 -> 6174 -> 6174
298,0298,0289,9,6,9531,9531,7.0,0298 -> 9531 -> 8172 -> 7443 -> 3996 -> 6264 -> 4176 -> 6174 -> 6174
315,0315,0135,5,2,5175,5175,7.0,0315 -> 5175 -> 5994 -> 5355 -> 1998 -> 8082 -> 8532 -> 6174 -> 6174
324,0324,0234,4,1,4086,4086,7.0,0324 -> 4086 -> 8172 -> 7443 -> 3996 -> 6264 -> 4176 -> 6174 -> 6174
325,0325,0235,5,1,5085,5085,7.0,0325 -> 5085 -> 7992 -> 7173 -> 6354 -> 3087 -> 8352 -> 6174 -> 6174
326,0326,0236,6,1,6084,6084,7.0,0326 -> 6084 -> 8172 -> 7443 -> 3996 -> 6264 -> 4176 -> 6174 -> 6174
342,0342,0234,4,1,4086,4086,7.0,0342 -> 4086 -> 8172 -> 7443 -> 3996 -> 6264 -> 4176 -> 6174 -> 6174
344,0344,0344,4,1,4086,4086,7.0,0344 -> 4086 -> 8172 -> 7443 -> 3996 -> 6264 -> 4176 -> 6174 -> 6174
345,0345,0345,5,1,5085,5085,7.0,0345 -> 5085 -> 7992 -> 7173 -> 6354 -> 3087 -> 8352 -> 6174 -> 6174
346,0346,0346,6,1,6084,6084,7.0,0346 -> 6084 -> 8172 -> 7443 -> 3996 -> 6264 -> 4176 -> 6174 -> 6174
351,0351,0135,5,2,5175,5175,7.0,0351 -> 5175 -> 5994 -> 5355 -> 1998 -> 8082 -> 8532 -> 6174 -> 6174
352,0352,0235,5,1,5085,5085,7.0,0352 -> 5085 -> 7992 -> 7173 -> 6354 -> 3087 -> 8352 -> 6174 -> 6174
354,0354,0345,5,1,5085,5085,7.0,0354 -> 5085 -> 7992 -> 7173 -> 6354 -> 3087 -> 8352 -> 6174 -> 6174
355,0355,0355,5,2,5175,5175,7.0,0355 -> 5175 -> 5994 -> 5355 -> 1998 -> 8082 -> 8532 -> 6174 -> 6174
362,0362,0236,6,1,6084,6084,7.0,0362 -> 6084 -> 8172 -> 7443 -> 3996 -> 6264 -> 4176 -> 6174 -> 6174
364,0364,0346,6,1,6084,6084,7.0,0364 -> 6084 -> 8172 -> 7443 -> 3996 -> 6264 -> 4176 -> 6174 -> 6174
379,0379,0379,9,4,9351,9351,7.0,0379 -> 9351 -> 8172 -> 7443 -> 3996 -> 6264 -> 4176 -> 6174 -> 6174
388,0388,0388,8,5,8442,8442,7.0,0388 -> 8442 -> 5994 -> 5355 -> 1998 -> 8082 -> 8532 -> 6174 -> 6174
389,0389,0389,9,5,9441,9441,7.0,0389 -> 9441 -> 7992 -> 7173 -> 6354 -> 3087 -> 8352 -> 6174 -> 6174
397,0397,0379,9,4,9351,9351,7.0,0397 -> 9351 -> 8172 -> 7443 -> 3996 -> 6264 -> 4176 -> 6174 -> 6174
398,0398,0389,9,5,9441,9441,7.0,0398 -> 9441 -> 7992 -> 7173 -> 6354 -> 3087 -> 8352 -> 6174 -> 6174
399,0399,0399,9,6,9531,9531,7.0,0399 -> 9531 -> 8172 -> 7443 -> 3996 -> 6264 -> 4176 -> 6174 -> 6174
401,0401,0014,4,1,4086,4086,7.0,0401 -> 4086 -> 8172 -> 7443 -> 3996 -> 6264 -> 4176 -> 6174 -> 6174
409,0409,0049,9,4,9351,9351,7.0,0409 -> 9351 -> 8172 -> 7443 -> 3996 -> 6264 -> 4176 -> 6174 -> 6174
410,0410,0014,4,1,4086,4086,7.0,0410 -> 4086 -> 8172 -> 7443 -> 3996 -> 6264 -> 4176 -> 6174 -> 6174
412,0412,0124,4,1,4086,4086,7.0,0412 -> 4086 -> 8172 -> 7443 -> 3996 -> 6264 -> 4176 -> 6174 -> 6174
421,0421,0124,4,1,4086,4086,7.0,0421 -> 4086 -> 8172 -> 7443 -> 3996 -> 6264 -> 4176 -> 6174 -> 6174
423,0423,0234,4,1,4086,4086,7.0,0423 -> 4086 -> 8172 -> 7443 -> 3996 -> 6264 -> 4176 -> 6174 -> 6174
425,0425,0245,5,2,5175,5175,7.0,0425 -> 5175 -> 5994 -> 5355 -> 1998 -> 8082 -> 8532 -> 6174 -> 6174
432,0432,0234,4,1,4086,4086,7.0,0432 -> 4086 -> 8172 -> 7443 -> 3996 -> 6264 -> 4176 -> 6174 -> 6174
434,0434,0344,4,1,4086,4086,7.0,0434 -> 4086 -> 8172 -> 7443 -> 3996 -> 6264 -> 4176 -> 6174 -> 6174
435,0435,0345,5,1,5085,5085,7.0,0435 -> 5085 -> 7992 -> 7173 -> 6354 -> 3087 -> 8352 -> 6174 -> 6174
436,0436,0346,6,1,6084,6084,7.0,0436 -> 6084 -> 8172 -> 7443 -> 3996 -> 6264 -> 4176 -> 6174 -> 6174
443,0443,0344,4,1,4086,4086,7.0,0443 -> 4086 -> 8172 -> 7443 -> 3996 -> 6264 -> 4176 -> 6174 -> 6174
452,0452,0245,5,2,5175,5175,7.0,0452 -> 5175 -> 5994 -> 5355 -> 1998 -> 8082 -> 8532 -> 6174 -> 6174
453,0453,0345,5,1,5085,5085,7.0,0453 -> 5085 -> 7992 -> 7173 -> 6354 -> 3087 -> 8352 -> 6174 -> 6174
455,0455,0455,5,1,5085,5085,7.0,0455 -> 5085 -> 7992 -> 7173 -> 6354 -> 3087 -> 8352 -> 6174 -> 6174
456,0456,0456,6,1,6084,6084,7.0,0456 -> 6084 -> 8172 -> 7443 -> 3996 -> 6264 -> 4176 -> 6174 -> 6174
463,0463,0346,6,1,6084,6084,7.0,0463 -> 6084 -> 8172 -> 7443 -> 3996 -> 6264 -> 4176 -> 6174 -> 6174
465,0465,0456,6,1,6084,6084,7.0,0465 -> 6084 -> 8172 -> 7443 -> 3996 -> 6264 -> 4176 -> 6174 -> 6174
489,0489,0489,9,4,9351,9351,7.0,0489 -> 9351 -> 8172 -> 7443 -> 3996 -> 6264 -> 4176 -> 6174 -> 6174
490,0490,0049,9,4,9351,9351,7.0,0490 -> 9351 -> 8172 -> 7443 -> 3996 -> 6264 -> 4176 -> 6174 -> 6174
498,0498,0489,9,4,9351,9351,7.0,0498 -> 9351 -> 8172 -> 7443 -> 3996 -> 6264 -> 4176 -> 6174 -> 6174
499,0499,0499,9,5,9441,9441,7.0,0499 -> 9441 -> 7992 -> 7173 -> 6354 -> 3087 -> 8352 -> 6174 -> 6174
501,0501,0015,5,1,5085,5085,7.0,0501 -> 5085 -> 7992 -> 7173 -> 6354 -> 3087 -> 8352 -> 6174 -> 6174
502,0502,0025,5,2,5175,5175,7.0,0502 -> 5175 -> 5994 -> 5355 -> 1998 -> 8082 -> 8532 -> 6174 -> 6174
508,0508,0058,8,5,8442,8442,7.0,0508 -> 8442 -> 5994 -> 5355 -> 1998 -> 8082 -> 8532 -> 6174 -> 6174
509,0509,0059,9,5,9441,9441,7.0,0509 -> 9441 -> 7992 -> 7173 -> 6354 -> 3087 -> 8352 -> 6174 -> 6174
510,0510,0015,5,1,5085,5085,7.0,0510 -> 5085 -> 7992 -> 7173 -> 6354 -> 3087 -> 8352 -> 6174 -> 6174
512,0512,0125,5,1,5085,5085,7.0,0512 -> 5085 -> 7992 -> 7173 -> 6354 -> 3087 -> 8352 -> 6174 -> 6174
513,0513,0135,5,2,5175,5175,7.0,0513 -> 5175 -> 5994 -> 5355 -> 1998 -> 8082 -> 8532 -> 6174 -> 6174
519,0519,0159,9,4,9351,9351,7.0,0519 -> 9351 -> 8172 -> 7443 -> 3996 -> 6264 -> 4176 -> 6174 -> 6174
520,0520,0025,5,2,5175,5175,7.0,0520 -> 5175 -> 5994 -> 5355 -> 1998 -> 8082 -> 8532 -> 6174 -> 6174
521,0521,0125,5,1,5085,5085,7.0,0521 -> 5085 -> 7992 -> 7173 -> 6354 -> 3087 -> 8352 -> 6174 -> 6174
523,0523,0235,5,1,5085,5085,7.0,0523 -> 5085 -> 7992 -> 7173 -> 6354 -> 3087 -> 8352 -> 6174 -> 6174
524,0524,0245,5,2,5175,5175,7.0,0524 -> 5175 -> 5994 -> 5355 -> 1998 -> 8082 -> 8532 -> 6174 -> 6174
531,0531,0135,5,2,5175,5175,7.0,0531 -> 5175 -> 5994 -> 5355 -> 1998 -> 8082 -> 8532 -> 6174 -> 6174
532,0532,0235,5,1,5085,5085,7.0,0532 -> 5085 -> 7992 -> 7173 -> 6354 -> 3087 -> 8352 -> 6174 -> 6174
534,0534,0345,5,1,5085,5085,7.0,0534 -> 5085 -> 7992 -> 7173 -> 6354 -> 3087 -> 8352 -> 6174 -> 6174
535,0535,0355,5,2,5175,5175,7.0,0535 -> 5175 -> 5994 -> 5355 -> 1998 -> 8082 -> 8532 -> 6174 -> 6174
542,0542,0245,5,2,5175,5175,7.0,0542 -> 5175 -> 5994 -> 5355 -> 1998 -> 8082 -> 8532 -> 6174 -> 6174
543,0543,0345,5,1,5085,5085,7.0,0543 -> 5085 -> 7992 -> 7173 -> 6354 -> 3087 -> 8352 -> 6174 -> 6174
545,0545,0455,5,1,5085,5085,7.0,0545 -> 5085 -> 7992 -> 7173 -> 6354 -> 3087 -> 8352 -> 6174 -> 6174
546,0546,0456,6,1,6084,6084,7.0,0546 -> 6084 -> 8172 -> 7443 -> 3996 -> 6264 -> 4176 -> 6174 -> 6174
553,0553,0355,5,2,5175,5175,7.0,0553 -> 5175 -> 5994 -> 5355 -> 1998 -> 8082 -> 8532 -> 6174 -> 6174
554,0554,0455,5,1,5085,5085,7.0,0554 -> 5085 -> 7992 -> 7173 -> 6354 -> 3087 -> 8352 -> 6174 -> 6174
564,0564,0456,6,1,6084,6084,7.0,0564 -> 6084 -> 8172 -> 7443 -> 3996 -> 6264 -> 4176 -> 6174 -> 6174
566,0566,0566,6,1,6084,6084,7.0,0566 -> 6084 -> 8172 -> 7443 -> 3996 -> 6264 -> 4176 -> 6174 -> 6174
580,0580,0058,8,5,8442,8442,7.0,0580 -> 8442 -> 5994 -> 5355 -> 1998 -> 8082 -> 8532 -> 6174 -> 6174
590,0590,0059,9,5,9441,9441,7.0,0590 -> 9441 -> 7992 -> 7173 -> 6354 -> 3087 -> 8352 -> 6174 -> 6174
591,0591,0159,9,4,9351,9351,7.0,0591 -> 9351 -> 8172 -> 7443 -> 3996 -> 6264 -> 4176 -> 6174 -> 6174
599,0599,0599,9,4,9351,9351,7.0,0599 -> 9351 -> 8172 -> 7443 -> 3996 -> 6264 -> 4176 -> 6174 -> 6174
601,0601,0016,6,1,6084,6084,7.0,0601 -> 6084 -> 8172 -> 7443 -> 3996 -> 6264 -> 4176 -> 6174 -> 6174
609,0609,0069,9,6,9531,9531,7.0,0609 -> 9531 -> 8172 -> 7443 -> 3996 -> 6264 -> 4176 -> 6174 -> 6174
610,0610,0016,6,1,6084,6084,7.0,0610 -> 6084 -> 8172 -> 7443 -> 3996 -> 6264 -> 4176 -> 6174 -> 6174
612,0612,0126,6,1,6084,6084,7.0,0612 -> 6084 -> 8172 -> 7443 -> 3996 -> 6264 -> 4176 -> 6174 -> 6174
618,0618,0168,8,5,8442,8442,7.0,0618 -> 8442 -> 5994 -> 5355 -> 1998 -> 8082 -> 8532 -> 6174 -> 6174
619,0619,0169,9,5,9441,9441,7.0,0619 -> 9441 -> 7992 -> 7173 -> 6354 -> 3087 -> 8352 -> 6174 -> 6174
621,0621,0126,6,1,6084,6084,7.0,0621 -> 6084 -> 8172 -> 7443 -> 3996 -> 6264 -> 4176 -> 6174 -> 6174
623,0623,0236,6,1,6084,6084,7.0,0623 -> 6084 -> 8172 -> 7443 -> 3996 -> 6264 -> 4176 -> 6174 -> 6174
629,0629,0269,9,4,9351,9351,7.0,0629 -> 9351 -> 8172 -> 7443 -> 3996 -> 6264 -> 4176 -> 6174 -> 6174
632,0632,0236,6,1,6084,6084,7.0,0632 -> 6084 -> 8172 -> 7443 -> 3996 -> 6264 -> 4176 -> 6174 -> 6174
634,0634,0346,6,1,6084,6084,7.0,0634 -> 6084 -> 8172 -> 7443 -> 3996 -> 6264 -> 4176 -> 6174 -> 6174
643,0643,0346,6,1,6084,6084,7.0,0643 -> 6084 -> 8172 -> 7443 -> 3996 -> 6264 -> 4176 -> 6174 -> 6174
645,0645,0456,6,1,6084,6084,7.0,0645 -> 6084 -> 8172 -> 7443 -> 3996 -> 6264 -> 4176 -> 6174 -> 6174
654,0654,0456,6,1,6084,6084,7.0,0654 -> 6084 -> 8172 -> 7443 -> 3996 -> 6264 -> 4176 -> 6174 -> 6174
656,0656,0566,6,1,6084,6084,7.0,0656 -> 6084 -> 8172 -> 7443 -> 3996 -> 6264 -> 4176 -> 6174 -> 6174
665,0665,0566,6,1,6084,6084,7.0,0665 -> 6084 -> 8172 -> 7443 -> 3996 -> 6264 -> 4176 -> 6174 -> 6174
681,0681,0168,8,5,8442,8442,7.0,0681 -> 8442 -> 5994 -> 5355 -> 1998 -> 8082 -> 8532 -> 6174 -> 6174
690,0690,0069,9,6,9531,9531,7.0,0690 -> 9531 -> 8172 -> 7443 -> 3996 -> 6264 -> 4176 -> 6174 -> 6174
691,0691,0169,9,5,9441,9441,7.0,0691 -> 9441 -> 7992 -> 7173 -> 6354 -> 3087 -> 8352 -> 6174 -> 6174
692,0692,0269,9,4,9351,9351,7.0,0692 -> 9351 -> 8172 -> 7443 -> 3996 -> 6264 -> 4176 -> 6174 -> 6174
719,0719,0179,9,6,9531,9531,7.0,0719 -> 9531 -> 8172 -> 7443 -> 3996 -> 6264 -> 4176 -> 6174 -> 6174
728,0728,0278,8,5,8442,8442,7.0,0728 -> 8442 -> 5994 -> 5355 -> 1998 -> 8082 -> 8532 -> 6174 -> 6174
729,0729,0279,9,5,9441,9441,7.0,0729 -> 9441 -> 7992 -> 7173 -> 6354 -> 3087 -> 8352 -> 6174 -> 6174
739,0739,0379,9,4,9351,9351,7.0,0739 -> 9351 -> 8172 -> 7443 -> 3996 -> 6264 -> 4176 -> 6174 -> 6174
782,0782,0278,8,5,8442,8442,7.0,0782 -> 8442 -> 5994 -> 5355 -> 1998 -> 8082 -> 8532 -> 6174 -> 6174
791,0791,0179,9,6,9531,9531,7.0,0791 -> 9531 -> 8172 -> 7443 -> 3996 -> 6264 -> 4176 -> 6174 -> 6174
792,0792,0279,9,5,9441,9441,7.0,0792 -> 9441 -> 7992 -> 7173 -> 6354 -> 3087 -> 8352 -> 6174 -> 6174
793,0793,0379,9,4,9351,9351,7.0,0793 -> 9351 -> 8172 -> 7443 -> 3996 -> 6264 -> 4176 -> 6174 -> 6174
805,0805,0058,8,5,8442,8442,7.0,0805 -> 8442 -> 5994 -> 5355 -> 1998 -> 8082 -> 8532 -> 6174 -> 6174
816,0816,0168,8,5,8442,8442,7.0,0816 -> 8442 -> 5994 -> 5355 -> 1998 -> 8082 -> 8532 -> 6174 -> 6174
827,0827,0278,8,5,8442,8442,7.0,0827 -> 8442 -> 5994 -> 5355 -> 1998 -> 8082 -> 8532 -> 6174 -> 6174
829,0829,0289,9,6,9531,9531,7.0,0829 -> 9531 -> 8172 -> 7443 -> 3996 -> 6264 -> 4176 -> 6174 -> 6174
838,0838,0388,8,5,8442,8442,7.0,0838 -> 8442 -> 5994 -> 5355 -> 1998 -> 8082 -> 8532 -> 6174 -> 6174
839,0839,0389,9,5,9441,9441,7.0,0839 -> 9441 -> 7992 -> 7173 -> 6354 -> 3087 -> 8352 -> 6174 -> 6174
849,0849,0489,9,4,9351,9351,7.0,0849 -> 9351 -> 8172 -> 7443 -> 3996 -> 6264 -> 4176 -> 6174 -> 6174
850,0850,0058,8,5,8442,8442,7.0,0850 -> 8442 -> 5994 -> 5355 -> 1998 -> 8082 -> 8532 -> 6174 -> 6174
861,0861,0168,8,5,8442,8442,7.0,0861 -> 8442 -> 5994 -> 5355 -> 1998 -> 8082 -> 8532 -> 6174 -> 6174
872,0872,0278,8,5,8442,8442,7.0,0872 -> 8442 -> 5994 -> 5355 -> 1998 -> 8082 -> 8532 -> 6174 -> 6174
883,0883,0388,8,5,8442,8442,7.0,0883 -> 8442 -> 5994 -> 5355 -> 1998 -> 8082 -> 8532 -> 6174 -> 6174
892,0892,0289,9,6,9531,9531,7.0,0892 -> 9531 -> 8172 -> 7443 -> 3996 -> 6264 -> 4176 -> 6174 -> 6174
893,0893,0389,9,5,9441,9441,7.0,0893 -> 9441 -> 7992 -> 7173 -> 6354 -> 3087 -> 8352 -> 6174 -> 6174
894,0894,0489,9,4,9351,9351,7.0,0894 -> 9351 -> 8172 -> 7443 -> 3996 -> 6264 -> 4176 -> 6174 -> 6174
904,0904,0049,9,4,9351,9351,7.0,0904 -> 9351 -> 8172 -> 7443 -> 3996 -> 6264 -> 4176 -> 6174 -> 6174
905,0905,0059,9,5,9441,9441,7.0,0905 -> 9441 -> 7992 -> 7173 -> 6354 -> 3087 -> 8352 -> 6174 -> 6174
906,0906,0069,9,6,9531,9531,7.0,0906 -> 9531 -> 8172 -> 7443 -> 3996 -> 6264 -> 4176 -> 6174 -> 6174
915,0915,0159,9,4,9351,9351,7.0,0915 -> 9351 -> 8172 -> 7443 -> 3996 -> 6264 -> 4176 -> 6174 -> 6174
916,0916,0169,9,5,9441,9441,7.0,0916 -> 9441 -> 7992 -> 7173 -> 6354 -> 3087 -> 8352 -> 6174 -> 6174
917,0917,0179,9,6,9531,9531,7.0,0917 -> 9531 -> 8172 -> 7443 -> 3996 -> 6264 -> 4176 -> 6174 -> 6174
926,0926,0269,9,4,9351,9351,7.0,0926 -> 9351 -> 8172 -> 7443 -> 3996 -> 6264 -> 4176 -> 6174 -> 6174
927,0927,0279,9,5,9441,9441,7.0,0927 -> 9441 -> 7992 -> 7173 -> 6354 -> 3087 -> 8352 -> 6174 -> 6174
928,0928,0289,9,6,9531,9531,7.0,0928 -> 9531 -> 8172 -> 7443 -> 3996 -> 6264 -> 4176 -> 6174 -> 6174
937,0937,0379,9,4,9351,9351,7.0,0937 -> 9351 -> 8172 -> 7443 -> 3996 -> 6264 -> 4176 -> 6174 -> 6174
938,0938,0389,9,5,9441,9441,7.0,0938 -> 9441 -> 7992 -> 7173 -> 6354 -> 3087 -> 8352 -> 6174 -> 6174
939,0939,0399,9,6,9531,9531,7.0,0939 -> 9531 -> 8172 -> 7443 -> 3996 -> 6264 -> 4176 -> 6174 -> 6174
940,0940,0049,9,4,9351,9351,7.0,0940 -> 9351 -> 8172 -> 7443 -> 3996 -> 6264 -> 4176 -> 6174 -> 6174
948,0948,0489,9,4,9351,9351,7.0,0948 -> 9351 -> 8172 -> 7443 -> 3996 -> 6264 -> 4176 -> 6174 -> 6174
949,0949,0499,9,5,9441,9441,7.0,0949 -> 9441 -> 7992 -> 7173 -> 6354 -> 3087 -> 8352 -> 6174 -> 6174
950,0950,0059,9,5,9441,9441,7.0,0950 -> 9441 -> 7992 -> 7173 -> 6354 -> 3087 -> 8352 -> 6174 -> 6174
951,0951,0159,9,4,9351,9351,7.0,0951 -> 9351 -> 8172 -> 7443 -> 3996 -> 6264 -> 4176 -> 6174 -> 6174
959,0959,0599,9,4,9351,9351,7.0,0959 -> 9351 -> 8172 -> 7443 -> 3996 -> 6264 -> 4176 -> 6174 -> 6174
960,0960,0069,9,6,9531,9531,7.0,0960 -> 9531 -> 8172 -> 7443 -> 3996 -> 6264 -> 4176 -> 6174 -> 6174
961,0961,0169,9,5,9441,9441,7.0,0961 -> 9441 -> 7992 -> 7173 -> 6354 -> 3087 -> 8352 -> 6174 -> 6174
962,0962,0269,9,4,9351,9351,7.0,0962 -> 9351 -> 8172 -> 7443 -> 3996 -> 6264 -> 4176 -> 6174 -> 6174
971,0971,0179,9,6,9531,9531,7.0,0971 -> 9531 -> 8172 -> 7443 -> 3996 -> 6264 -> 4176 -> 6174 -> 6174
972,0972,0279,9,5,9441,9441,7.0,0972 -> 9441 -> 7992 -> 7173 -> 6354 -> 3087 -> 8352 -> 6174 -> 6174
973,0973,0379,9,4,9351,9351,7.0,0973 -> 9351 -> 8172 -> 7443 -> 3996 -> 6264 -> 4176 -> 6174 -> 6174
982,0982,0289,9,6,9531,9531,7.0,0982 -> 9531 -> 8172 -> 7443 -> 3996 -> 6264 -> 4176 -> 6174 -> 6174
983,0983,0389,9,5,9441,9441,7.0,0983 -> 9441 -> 7992 -> 7173 -> 6354 -> 3087 -> 8352 -> 6174 -> 6174
984,0984,0489,9,4,9351,9351,7.0,0984 -> 9351 -> 8172 -> 7443 -> 3996 -> 6264 -> 4176 -> 6174 -> 6174
993,0993,0399,9,6,9531,9531,7.0,0993 -> 9531 -> 8172 -> 7443 -> 3996 -> 6264 -> 4176 -> 6174 -> 6174
994,0994,0499,9,5,9441,9441,7.0,0994 -> 9441 -> 7992 -> 7173 -> 6354 -> 3087 -> 8352 -> 6174 -> 6174
995,0995,0599,9,4,9351,9351,7.0,0995 -> 9351 -> 8172 -> 7443 -> 3996 -> 6264 -> 4176 -> 6174 -> 6174
1004,1004,0014,4,1,4086,4086,7.0,1004 -> 4086 -> 8172 -> 7443 -> 3996 -> 6264 -> 4176 -> 6174 -> 6174
1005,1005,0015,5,1,5085,5085,7.0,1005 -> 5085 -> 7992 -> 7173 -> 6354 -> 3087 -> 8352 -> 6174 -> 6174
1006,1006,0016,6,1,6084,6084,7.0,1006 -> 6084 -> 8172 -> 7443 -> 3996 -> 6264 -> 4176 -> 6174 -> 6174
1024,1024,0124,4,1,4086,4086,7.0,1024 -> 4086 -> 8172 -> 7443 -> 3996 -> 6264 -> 4176 -> 6174 -> 6174
1025,1025,0125,5,1,5085,5085,7.0,1025 -> 5085 -> 7992 -> 7173 -> 6354 -> 3087 -> 8352 -> 6174 -> 6174
1026,1026,0126,6,1,6084,6084,7.0,1026 -> 6084 -> 8172 -> 7443 -> 3996 -> 6264 -> 4176 -> 6174 -> 6174
1035,1035,0135,5,2,5175,5175,7.0,1035 -> 5175 -> 5994 -> 5355 -> 1998 -> 8082 -> 8532 -> 6174 -> 6174
1040,1040,0014,4,1,4086,4086,7.0,1040 -> 4086 -> 8172 -> 7443 -> 3996 -> 6264 -> 4176 -> 6174 -> 6174
1042,1042,0124,4,1,4086,4086,7.0,1042 -> 4086 -> 8172 -> 7443 -> 3996 -> 6264 -> 4176 -> 6174 -> 6174
1050,1050,0015,5,1,5085,5085,7.0,1050 -> 5085 -> 7992 -> 7173 -> 6354 -> 3087 -> 8352 -> 6174 -> 6174
1052,1052,0125,5,1,5085,5085,7.0,1052 -> 5085 -> 7992 -> 7173 -> 6354 -> 3087 -> 8352 -> 6174 -> 6174
1053,1053,0135,5,2,5175,5175,7.0,1053 -> 5175 -> 5994 -> 5355 -> 1998 -> 8082 -> 8532 -> 6174 -> 6174
1059,1059,0159,9,4,9351,9351,7.0,1059 -> 9351 -> 8172 -> 7443 -> 3996 -> 6264 -> 4176 -> 6174 -> 6174
1060,1060,0016,6,1,6084,6084,7.0,1060 -> 6084 -> 8172 -> 7443 -> 3996 -> 6264 -> 4176 -> 6174 -> 6174
1062,1062,0126,6,1,6084,6084,7.0,1062 -> 6084 -> 8172 -> 7443 -> 3996 -> 6264 -> 4176 -> 6174 -> 6174
1068,1068,0168,8,5,8442,8442,7.0,1068 -> 8442 -> 5994 -> 5355 -> 1998 -> 8082 -> 8532 -> 6174 -> 6174
1069,1069,0169,9,5,9441,9441,7.0,1069 -> 9441 -> 7992 -> 7173 -> 6354 -> 3087 -> 8352 -> 6174 -> 6174
1079,1079,0179,9,6,9531,9531,7.0,1079 -> 9531 -> 8172 -> 7443 -> 3996 -> 6264 -> 4176 -> 6174 -> 6174
1086,1086,0168,8,5,8442,8442,7.0,1086 -> 8442 -> 5994 -> 5355 -> 1998 -> 8082 -> 8532 -> 6174 -> 6174
1095,1095,0159,9,4,9351,9351,7.0,1095 -> 9351 -> 8172 -> 7443 -> 3996 -> 6264 -> 4176 -> 6174 -> 6174
1096,1096,0169,9,5,9441,9441,7.0,1096 -> 9441 -> 7992 -> 7173 -> 6354 -> 3087 -> 8352 -> 6174 -> 6174
1097,1097,0179,9,6,9531,9531,7.0,1097 -> 9531 -> 8172 -> 7443 -> 3996 -> 6264 -> 4176 -> 6174 -> 6174
1125,1125,1125,4,1,4086,4086,7.0,1125 -> 4086 -> 8172 -> 7443 -> 3996 -> 6264 -> 4176 -> 6174 -> 6174
1126,1126,1126,5,1,5085,5085,7.0,1126 -> 5085 -> 7992 -> 7173 -> 6354 -> 3087 -> 8352 -> 6174 -> 6174
1127,1127,1127,6,1,6084,6084,7.0,1127 -> 6084 -> 8172 -> 7443 -> 3996 -> 6264 -> 4176 -> 6174 -> 6174
1136,1136,1136,5,2,5175,5175,7.0,1136 -> 5175 -> 5994 -> 5355 -> 1998 -> 8082 -> 8532 -> 6174 -> 6174
1152,1152,1125,4,1,4086,4086,7.0,1152 -> 4086 -> 8172 -> 7443 -> 3996 -> 6264 -> 4176 -> 6174 -> 6174
1162,1162,1126,5,1,5085,5085,7.0,1162 -> 5085 -> 7992 -> 7173 -> 6354 -> 3087 -> 8352 -> 6174 -> 6174
1163,1163,1136,5,2,5175,5175,7.0,1163 -> 5175 -> 5994 -> 5355 -> 1998 -> 8082 -> 8532 -> 6174 -> 6174
1169,1169,1169,8,5,8442,8442,7.0,1169 -> 8442 -> 5994 -> 5355 -> 1998 -> 8082 -> 8532 -> 6174 -> 6174
1172,1172,1127,6,1,6084,6084,7.0,1172 -> 6084 -> 8172 -> 7443 -> 3996 -> 6264 -> 4176 -> 6174 -> 6174
1196,1196,1169,8,5,8442,8442,7.0,1196 -> 8442 -> 5994 -> 5355 -> 1998 -> 8082 -> 8532 -> 6174 -> 6174
1204,1204,0124,4,1,4086,4086,7.0,1204 -> 4086 -> 8172 -> 7443 -> 3996 -> 6264 -> 4176 -> 6174 -> 6174
1205,1205,0125,5,1,5085,5085,7.0,1205 -> 5085 -> 7992 -> 7173 -> 6354 -> 3087 -> 8352 -> 6174 -> 6174
1206,1206,0126,6,1,6084,6084,7.0,1206 -> 6084 -> 8172 -> 7443 -> 3996 -> 6264 -> 4176 -> 6174 -> 6174
1215,1215,1125,4,1,4086,4086,7.0,1215 -> 4086 -> 8172 -> 7443 -> 3996 -> 6264 -> 4176 -> 6174 -> 6174
1216,1216,1126,5,1,5085,5085,7.0,1216 -> 5085 -> 7992 -> 7173 -> 6354 -> 3087 -> 8352 -> 6174 -> 6174
1217,1217,1127,6,1,6084,6084,7.0,1217 -> 6084 -> 8172 -> 7443 -> 3996 -> 6264 -> 4176 -> 6174 -> 6174
1235,1235,1235,4,1,4086,4086,7.0,1235 -> 4086 -> 8172 -> 7443 -> 3996 -> 6264 -> 4176 -> 6174 -> 6174
1236,1236,1236,5,1,5085,5085,7.0,1236 -> 5085 -> 7992 -> 7173 -> 6354 -> 3087 -> 8352 -> 6174 -> 6174
1237,1237,1237,6,1,6084,6084,7.0,1237 -> 6084 -> 8172 -> 7443 -> 3996 -> 6264 -> 4176 -> 6174 -> 6174
1240,1240,0124,4,1,4086,4086,7.0,1240 -> 4086 -> 8172 -> 7443 -> 3996 -> 6264 -> 4176 -> 6174 -> 6174
1246,1246,1246,5,2,5175,5175,7.0,1246 -> 5175 -> 5994 -> 5355 -> 1998 -> 8082 -> 8532 -> 6174 -> 6174
1250,1250,0125,5,1,5085,5085,7.0,1250 -> 5085 -> 7992 -> 7173 -> 6354 -> 3087 -> 8352 -> 6174 -> 6174
1251,1251,1125,4,1,4086,4086,7.0,1251 -> 4086 -> 8172 -> 7443 -> 3996 -> 6264 -> 4176 -> 6174 -> 6174
1253,1253,1235,4,1,4086,4086,7.0,1253 -> 4086 -> 8172 -> 7443 -> 3996 -> 6264 -> 4176 -> 6174 -> 6174
1260,1260,0126,6,1,6084,6084,7.0,1260 -> 6084 -> 8172 -> 7443 -> 3996 -> 6264 -> 4176 -> 6174 -> 6174
1261,1261,1126,5,1,5085,5085,7.0,1261 -> 5085 -> 7992 -> 7173 -> 6354 -> 3087 -> 8352 -> 6174 -> 6174
1263,1263,1236,5,1,5085,5085,7.0,1263 -> 5085 -> 7992 -> 7173 -> 6354 -> 3087 -> 8352 -> 6174 -> 6174
1264,1264,1246,5,2,5175,5175,7.0,1264 -> 5175 -> 5994 -> 5355 -> 1998 -> 8082 -> 8532 -> 6174 -> 6174
1271,1271,1127,6,1,6084,6084,7.0,1271 -> 6084 -> 8172 -> 7443 -> 3996 -> 6264 -> 4176 -> 6174 -> 6174
1273,1273,1237,6,1,6084,6084,7.0,1273 -> 6084 -> 8172 -> 7443 -> 3996 -> 6264 -> 4176 -> 6174 -> 6174
1279,1279,1279,8,5,8442,8442,7.0,1279 -> 8442 -> 5994 -> 5355 -> 1998 -> 8082 -> 8532 -> 6174 -> 6174
1297,1297,1279,8,5,8442,8442,7.0,1297 -> 8442 -> 5994 -> 5355 -> 1998 -> 8082 -> 8532 -> 6174 -> 6174
1305,1305,0135,5,2,5175,5175,7.0,1305 -> 5175 -> 5994 -> 5355 -> 1998 -> 8082 -> 8532 -> 6174 -> 6174
1316,1316,1136,5,2,5175,5175,7.0,1316 -> 5175 -> 5994 -> 5355 -> 1998 -> 8082 -> 8532 -> 6174 -> 6174
1325,1325,1235,4,1,4086,4086,7.0,1325 -> 4086 -> 8172 -> 7443 -> 3996 -> 6264 -> 4176 -> 6174 -> 6174
1326,1326,1236,5,1,5085,5085,7.0,1326 -> 5085 -> 7992 -> 7173 -> 6354 -> 3087 -> 8352 -> 6174 -> 6174
1327,1327,1237,6,1,6084,6084,7.0,1327 -> 6084 -> 8172 -> 7443 -> 3996 -> 6264 -> 4176 -> 6174 -> 6174
1345,1345,1345,4,1,4086,4086,7.0,1345 -> 4086 -> 8172 -> 7443 -> 3996 -> 6264 -> 4176 -> 6174 -> 6174
1346,1346,1346,5,1,5085,5085,7.0,1346 -> 5085 -> 7992 -> 7173 -> 6354 -> 3087 -> 8352 -> 6174 -> 6174
1347,1347,1347,6,1,6084,6084,7.0,1347 -> 6084 -> 8172 -> 7443 -> 3996 -> 6264 -> 4176 -> 6174 -> 6174
1350,1350,0135,5,2,5175,5175,7.0,1350 -> 5175 -> 5994 -> 5355 -> 1998 -> 8082 -> 8532 -> 6174 -> 6174
1352,1352,1235,4,1,4086,4086,7.0,1352 -> 4086 -> 8172 -> 7443 -> 3996 -> 6264 -> 4176 -> 6174 -> 6174
1354,1354,1345,4,1,4086,4086,7.0,1354 -> 4086 -> 8172 -> 7443 -> 3996 -> 6264 -> 4176 -> 6174 -> 6174
1356,1356,1356,5,2,5175,5175,7.0,1356 -> 5175 -> 5994 -> 5355 -> 1998 -> 8082 -> 8532 -> 6174 -> 6174
1361,1361,1136,5,2,5175,5175,7.0,1361 -> 5175 -> 5994 -> 5355 -> 1998 -> 8082 -> 8532 -> 6174 -> 6174
1362,1362,1236,5,1,5085,5085,7.0,1362 -> 5085 -> 7992 -> 7173 -> 6354 -> 3087 -> 8352 -> 6174 -> 6174
1364,1364,1346,5,1,5085,5085,7.0,1364 -> 5085 -> 7992 -> 7173 -> 6354 -> 3087 -> 8352 -> 6174 -> 6174
1365,1365,1356,5,2,5175,5175,7.0,1365 -> 5175 -> 5994 -> 5355 -> 1998 -> 8082 -> 8532 -> 6174 -> 6174
1372,1372,1237,6,1,6084,6084,7.0,1372 -> 6084 -> 8172 -> 7443 -> 3996 -> 6264 -> 4176 -> 6174 -> 6174
1374,1374,1347,6,1,6084,6084,7.0,1374 -> 6084 -> 8172 -> 7443 -> 3996 -> 6264 -> 4176 -> 6174 -> 6174
1389,1389,1389,8,5,8442,8442,7.0,1389 -> 8442 -> 5994 -> 5355 -> 1998 -> 8082 -> 8532 -> 6174 -> 6174
1398,1398,1389,8,5,8442,8442,7.0,1398 -> 8442 -> 5994 -> 5355 -> 1998 -> 8082 -> 8532 -> 6174 -> 6174
1400,1400,0014,4,1,4086,4086,7.0,1400 -> 4086 -> 8172 -> 7443 -> 3996 -> 6264 -> 4176 -> 6174 -> 6174
1402,1402,0124,4,1,4086,4086,7.0,1402 -> 4086 -> 8172 -> 7443 -> 3996 -> 6264 -> 4176 -> 6174 -> 6174
1420,1420,0124,4,1,4086,4086,7.0,1420 -> 4086 -> 8172 -> 7443 -> 3996 -> 6264 -> 4176 -> 6174 -> 6174
1426,1426,1246,5,2,5175,5175,7.0,1426 -> 5175 -> 5994 -> 5355 -> 1998 -> 8082 -> 8532 -> 6174 -> 6174
1435,1435,1345,4,1,4086,4086,7.0,1435 -> 4086 -> 8172 -> 7443 -> 3996 -> 6264 -> 4176 -> 6174 -> 6174
1436,1436,1346,5,1,5085,5085,7.0,1436 -> 5085 -> 7992 -> 7173 -> 6354 -> 3087 -> 8352 -> 6174 -> 6174
1437,1437,1347,6,1,6084,6084,7.0,1437 -> 6084 -> 8172 -> 7443 -> 3996 -> 6264 -> 4176 -> 6174 -> 6174
1453,1453,1345,4,1,4086,4086,7.0,1453 -> 4086 -> 8172 -> 7443 -> 3996 -> 6264 -> 4176 -> 6174 -> 6174
1455,1455,1455,4,1,4086,4086,7.0,1455 -> 4086 -> 8172 -> 7443 -> 3996 -> 6264 -> 4176 -> 6174 -> 6174
1456,1456,1456,5,1,5085,5085,7.0,1456 -> 5085 -> 7992 -> 7173 -> 6354 -> 3087 -> 8352 -> 6174 -> 6174
1457,1457,1457,6,1,6084,6084,7.0,1457 -> 6084 -> 8172 -> 7443 -> 3996 -> 6264 -> 4176 -> 6174 -> 6174
1462,1462,1246,5,2,5175,5175,7.0,1462 -> 5175 -> 5994 -> 5355 -> 1998 -> 8082 -> 8532 -> 6174 -> 6174
1463,1463,1346,5,1,5085,5085,7.0,1463 -> 5085 -> 7992 -> 7173 -> 6354 -> 3087 -> 8352 -> 6174 -> 6174
1465,1465,1456,5,1,5085,5085,7.0,1465 -> 5085 -> 7992 -> 7173 -> 6354 -> 3087 -> 8352 -> 6174 -> 6174
1466,1466,1466,5,2,5175,5175,7.0,1466 -> 5175 -> 5994 -> 5355 -> 1998 -> 8082 -> 8532 -> 6174 -> 6174
1473,1473,1347,6,1,6084,6084,7.0,1473 -> 6084 -> 8172 -> 7443 -> 3996 -> 6264 -> 4176 -> 6174 -> 6174
1475,1475,1457,6,1,6084,6084,7.0,1475 -> 6084 -> 8172 -> 7443 -> 3996 -> 6264 -> 4176 -> 6174 -> 6174
1499,1499,1499,8,5,8442,8442,7.0,1499 -> 8442 -> 5994 -> 5355 -> 1998 -> 8082 -> 8532 -> 6174 -> 6174
1500,1500,0015,5,1,5085,5085,7.0,1500 -> 5085 -> 7992 -> 7173 -> 6354 -> 3087 -> 8352 -> 6174 -> 6174
1502,1502,0125,5,1,5085,5085,7.0,1502 -> 5085 -> 7992 -> 7173 -> 6354 -> 3087 -> 8352 -> 6174 -> 6174
1503,1503,0135,5,2,5175,5175,7.0,1503 -> 5175 -> 5994 -> 5355 -> 1998 -> 8082 -> 8532 -> 6174 -> 6174
1509,1509,0159,9,4,9351,9351,7.0,1509 -> 9351 -> 8172 -> 7443 -> 3996 -> 6264 -> 4176 -> 6174 -> 6174
1512,1512,1125,4,1,4086,4086,7.0,1512 -> 4086 -> 8172 -> 7443 -> 3996 -> 6264 -> 4176 -> 6174 -> 6174
1520,1520,0125,5,1,5085,5085,7.0,1520 -> 5085 -> 7992 -> 7173 -> 6354 -> 3087 -> 8352 -> 6174 -> 6174
1521,1521,1125,4,1,4086,4086,7.0,1521 -> 4086 -> 8172 -> 7443 -> 3996 -> 6264 -> 4176 -> 6174 -> 6174
1523,1523,1235,4,1,4086,4086,7.0,1523 -> 4086 -> 8172 -> 7443 -> 3996 -> 6264 -> 4176 -> 6174 -> 6174
1530,1530,0135,5,2,5175,5175,7.0,1530 -> 5175 -> 5994 -> 5355 -> 1998 -> 8082 -> 8532 -> 6174 -> 6174
1532,1532,1235,4,1,4086,4086,7.0,1532 -> 4086 -> 8172 -> 7443 -> 3996 -> 6264 -> 4176 -> 6174 -> 6174
1534,1534,1345,4,1,4086,4086,7.0,1534 -> 4086 -> 8172 -> 7443 -> 3996 -> 6264 -> 4176 -> 6174 -> 6174
1536,1536,1356,5,2,5175,5175,7.0,1536 -> 5175 -> 5994 -> 5355 -> 1998 -> 8082 -> 8532 -> 6174 -> 6174
1543,1543,1345,4,1,4086,4086,7.0,1543 -> 4086 -> 8172 -> 7443 -> 3996 -> 6264 -> 4176 -> 6174 -> 6174
1545,1545,1455,4,1,4086,4086,7.0,1545 -> 4086 -> 8172 -> 7443 -> 3996 -> 6264 -> 4176 -> 6174 -> 6174
1546,1546,1456,5,1,5085,5085,7.0,1546 -> 5085 -> 7992 -> 7173 -> 6354 -> 3087 -> 8352 -> 6174 -> 6174
1547,1547,1457,6,1,6084,6084,7.0,1547 -> 6084 -> 8172 -> 7443 -> 3996 -> 6264 -> 4176 -> 6174 -> 6174
1554,1554,1455,4,1,4086,4086,7.0,1554 -> 4086 -> 8172 -> 7443 -> 3996 -> 6264 -> 4176 -> 6174 -> 6174
1563,1563,1356,5,2,5175,5175,7.0,1563 -> 5175 -> 5994 -> 5355 -> 1998 -> 8082 -> 8532 -> 6174 -> 6174
1564,1564,1456,5,1,5085,5085,7.0,1564 -> 5085 -> 7992 -> 7173 -> 6354 -> 3087 -> 8352 -> 6174 -> 6174
1566,1566,1566,5,1,5085,5085,7.0,1566 -> 5085 -> 7992 -> 7173 -> 6354 -> 3087 -> 8352 -> 6174 -> 6174
1567,1567,1567,6,1,6084,6084,7.0,1567 -> 6084 -> 8172 -> 7443 -> 3996 -> 6264 -> 4176 -> 6174 -> 6174
1574,1574,1457,6,1,6084,6084,7.0,1574 -> 6084 -> 8172 -> 7443 -> 3996 -> 6264 -> 4176 -> 6174 -> 6174
1576,1576,1567,6,1,6084,6084,7.0,1576 -> 6084 -> 8172 -> 7443 -> 3996 -> 6264 -> 4176 -> 6174 -> 6174
1590,1590,0159,9,4,9351,9351,7.0,1590 -> 9351 -> 8172 -> 7443 -> 3996 -> 6264 -> 4176 -> 6174 -> 6174
1600,1600,0016,6,1,6084,6084,7.0,1600 -> 6084 -> 8172 -> 7443 -> 3996 -> 6264 -> 4176 -> 6174 -> 6174
1602,1602,0126,6,1,6084,6084,7.0,1602 -> 6084 -> 8172 -> 7443 -> 3996 -> 6264 -> 4176 -> 6174 -> 6174
1608,1608,0168,8,5,8442,8442,7.0,1608 -> 8442 -> 5994 -> 5355 -> 1998 -> 8082 -> 8532 -> 6174 -> 6174
1609,1609,0169,9,5,9441,9441,7.0,1609 -> 9441 -> 7992 -> 7173 -> 6354 -> 3087 -> 8352 -> 6174 -> 6174
1612,1612,1126,5,1,5085,5085,7.0,1612 -> 5085 -> 7992 -> 7173 -> 6354 -> 3087 -> 8352 -> 6174 -> 6174
1613,1613,1136,5,2,5175,5175,7.0,1613 -> 5175 -> 5994 -> 5355 -> 1998 -> 8082 -> 8532 -> 6174 -> 6174
1619,1619,1169,8,5,8442,8442,7.0,1619 -> 8442 -> 5994 -> 5355 -> 1998 -> 8082 -> 8532 -> 6174 -> 6174
1620,1620,0126,6,1,6084,6084,7.0,1620 -> 6084 -> 8172 -> 7443 -> 3996 -> 6264 -> 4176 -> 6174 -> 6174
1621,1621,1126,5,1,5085,5085,7.0,1621 -> 5085 -> 7992 -> 7173 -> 6354 -> 3087 -> 8352 -> 6174 -> 6174
1623,1623,1236,5,1,5085,5085,7.0,1623 -> 5085 -> 7992 -> 7173 -> 6354 -> 3087 -> 8352 -> 6174 -> 6174
1624,1624,1246,5,2,5175,5175,7.0,1624 -> 5175 -> 5994 -> 5355 -> 1998 -> 8082 -> 8532 -> 6174 -> 6174
1631,1631,1136,5,2,5175,5175,7.0,1631 -> 5175 -> 5994 -> 5355 -> 1998 -> 8082 -> 8532 -> 6174 -> 6174
1632,1632,1236,5,1,5085,5085,7.0,1632 -> 5085 -> 7992 -> 7173 -> 6354 -> 3087 -> 8352 -> 6174 -> 6174
1634,1634,1346,5,1,5085,5085,7.0,1634 -> 5085 -> 7992 -> 7173 -> 6354 -> 3087 -> 8352 -> 6174 -> 6174
1635,1635,1356,5,2,5175,5175,7.0,1635 -> 5175 -> 5994 -> 5355 -> 1998 -> 8082 -> 8532 -> 6174 -> 6174
1642,1642,1246,5,2,5175,5175,7.0,1642 -> 5175 -> 5994 -> 5355 -> 1998 -> 8082 -> 8532 -> 6174 -> 6174
1643,1643,1346,5,1,5085,5085,7.0,1643 -> 5085 -> 7992 -> 7173 -> 6354 -> 3087 -> 8352 -> 6174 -> 6174
1645,1645,1456,5,1,5085,5085,7.0,1645 -> 5085 -> 7992 -> 7173 -> 6354 -> 3087 -> 8352 -> 6174 -> 6174
1646,1646,1466,5,2,5175,5175,7.0,1646 -> 5175 -> 5994 -> 5355 -> 1998 -> 8082 -> 8532 -> 6174 -> 6174
1653,1653,1356,5,2,5175,5175,7.0,1653 -> 5175 -> 5994 -> 5355 -> 1998 -> 8082 -> 8532 -> 6174 -> 6174
1654,1654,1456,5,1,5085,5085,7.0,1654 -> 5085 -> 7992 -> 7173 -> 6354 -> 3087 -> 8352 -> 6174 -> 6174
1656,1656,1566,5,1,5085,5085,7.0,1656 -> 5085 -> 7992 -> 7173 -> 6354 -> 3087 -> 8352 -> 6174 -> 6174
1657,1657,1567,6,1,6084,6084,7.0,1657 -> 6084 -> 8172 -> 7443 -> 3996 -> 6264 -> 4176 -> 6174 -> 6174
1664,1664,1466,5,2,5175,5175,7.0,1664 -> 5175 -> 5994 -> 5355 -> 1998 -> 8082 -> 8532 -> 6174 -> 6174
1665,1665,1566,5,1,5085,5085,7.0,1665 -> 5085 -> 7992 -> 7173 -> 6354 -> 3087 -> 8352 -> 6174 -> 6174
1675,1675,1567,6,1,6084,6084,7.0,1675 -> 6084 -> 8172 -> 7443 -> 3996 -> 6264 -> 4176 -> 6174 -> 6174
1677,1677,1677,6,1,6084,6084,7.0,1677 -> 6084 -> 8172 -> 7443 -> 3996 -> 6264 -> 4176 -> 6174 -> 6174
1680,1680,0168,8,5,8442,8442,7.0,1680 -> 8442 -> 5994 -> 5355 -> 1998 -> 8082 -> 8532 -> 6174 -> 6174
1690,1690,0169,9,5,9441,9441,7.0,1690 -> 9441 -> 7992 -> 7173 -> 6354 -> 3087 -> 8352 -> 6174 -> 6174
1691,1691,1169,8,5,8442,8442,7.0,1691 -> 8442 -> 5994 -> 5355 -> 1998 -> 8082 -> 8532 -> 6174 -> 6174
1709,1709,0179,9,6,9531,9531,7.0,1709 -> 9531 -> 8172 -> 7443 -> 3996 -> 6264 -> 4176 -> 6174 -> 6174
1712,1712,1127,6,1,6084,6084,7.0,1712 -> 6084 -> 8172 -> 7443 -> 3996 -> 6264 -> 4176 -> 6174 -> 6174
1721,1721,1127,6,1,6084,6084,7.0,1721 -> 6084 -> 8172 -> 7443 -> 3996 -> 6264 -> 4176 -> 6174 -> 6174
1723,1723,1237,6,1,6084,6084,7.0,1723 -> 6084 -> 8172 -> 7443 -> 3996 -> 6264 -> 4176 -> 6174 -> 6174
1729,1729,1279,8,5,8442,8442,7.0,1729 -> 8442 -> 5994 -> 5355 -> 1998 -> 8082 -> 8532 -> 6174 -> 6174
1732,1732,1237,6,1,6084,6084,7.0,1732 -> 6084 -> 8172 -> 7443 -> 3996 -> 6264 -> 4176 -> 6174 -> 6174
1734,1734,1347,6,1,6084,6084,7.0,1734 -> 6084 -> 8172 -> 7443 -> 3996 -> 6264 -> 4176 -> 6174 -> 6174
1743,1743,1347,6,1,6084,6084,7.0,1743 -> 6084 -> 8172 -> 7443 -> 3996 -> 6264 -> 4176 -> 6174 -> 6174
1745,1745,1457,6,1,6084,6084,7.0,1745 -> 6084 -> 8172 -> 7443 -> 3996 -> 6264 -> 4176 -> 6174 -> 6174
1754,1754,1457,6,1,6084,6084,7.0,1754 -> 6084 -> 8172 -> 7443 -> 3996 -> 6264 -> 4176 -> 6174 -> 6174
1756,1756,1567,6,1,6084,6084,7.0,1756 -> 6084 -> 8172 -> 7443 -> 3996 -> 6264 -> 4176 -> 6174 -> 6174
1765,1765,1567,6,1,6084,6084,7.0,1765 -> 6084 -> 8172 -> 7443 -> 3996 -> 6264 -> 4176 -> 6174 -> 6174
1767,1767,1677,6,1,6084,6084,7.0,1767 -> 6084 -> 8172 -> 7443 -> 3996 -> 6264 -> 4176 -> 6174 -> 6174
1776,1776,1677,6,1,6084,6084,7.0,1776 -> 6084 -> 8172 -> 7443 -> 3996 -> 6264 -> 4176 -> 6174 -> 6174
1790,1790,0179,9,6,9531,9531,7.0,1790 -> 9531 -> 8172 -> 7443 -> 3996 -> 6264 -> 4176 -> 6174 -> 6174
1792,1792,1279,8,5,8442,8442,7.0,1792 -> 8442 -> 5994 -> 5355 -> 1998 -> 8082 -> 8532 -> 6174 -> 6174
1806,1806,0168,8,5,8442,8442,7.0,1806 -> 8442 -> 5994 -> 5355 -> 1998 -> 8082 -> 8532 -> 6174 -> 6174
1839,1839,1389,8,5,8442,8442,7.0,1839 -> 8442 -> 5994 -> 5355 -> 1998 -> 8082 -> 8532 -> 6174 -> 6174
1860,1860,0168,8,5,8442,8442,7.0,1860 -> 8442 -> 5994 -> 5355 -> 1998 -> 8082 -> 8532 -> 6174 -> 6174
1893,1893,1389,8,5,8442,8442,7.0,1893 -> 8442 -> 5994 -> 5355 -> 1998 -> 8082 -> 8532 -> 6174 -> 6174
1905,1905,0159,9,4,9351,9351,7.0,1905 -> 9351 -> 8172 -> 7443 -> 3996 -> 6264 -> 4176 -> 6174 -> 6174
1906,1906,0169,9,5,9441,9441,7.0,1906 -> 9441 -> 7992 -> 7173 -> 6354 -> 3087 -> 8352 -> 6174 -> 6174
1907,1907,0179,9,6,9531,9531,7.0,1907 -> 9531 -> 8172 -> 7443 -> 3996 -> 6264 -> 4176 -> 6174 -> 6174
1916,1916,1169,8,5,8442,8442,7.0,1916 -> 8442 -> 5994 -> 5355 -> 1998 -> 8082 -> 8532 -> 6174 -> 6174
1927,1927,1279,8,5,8442,8442,7.0,1927 -> 8442 -> 5994 -> 5355 -> 1998 -> 8082 -> 8532 -> 6174 -> 6174
1938,1938,1389,8,5,8442,8442,7.0,1938 -> 8442 -> 5994 -> 5355 -> 1998 -> 8082 -> 8532 -> 6174 -> 6174
1949,1949,1499,8,5,8442,8442,7.0,1949 -> 8442 -> 5994 -> 5355 -> 1998 -> 8082 -> 8532 -> 6174 -> 6174
1950,1950,0159,9,4,9351,9351,7.0,1950 -> 9351 -> 8172 -> 7443 -> 3996 -> 6264 -> 4176 -> 6174 -> 6174
1960,1960,0169,9,5,9441,9441,7.0,1960 -> 9441 -> 7992 -> 7173 -> 6354 -> 3087 -> 8352 -> 6174 -> 6174
1961,1961,1169,8,5,8442,8442,7.0,1961 -> 8442 -> 5994 -> 5355 -> 1998 -> 8082 -> 8532 -> 6174 -> 6174
1970,1970,0179,9,6,9531,9531,7.0,1970 -> 9531 -> 8172 -> 7443 -> 3996 -> 6264 -> 4176 -> 6174 -> 6174
1972,1972,1279,8,5,8442,8442,7.0,1972 -> 8442 -> 5994 -> 5355 -> 1998 -> 8082 -> 8532 -> 6174 -> 6174
1983,1983,1389,8,5,8442,8442,7.0,1983 -> 8442 -> 5994 -> 5355 -> 1998 -> 8082 -> 8532 -> 6174 -> 6174
1994,1994,1499,8,5,8442,8442,7.0,1994 -> 8442 -> 5994 -> 5355 -> 1998 -> 8082 -> 8532 -> 6174 -> 6174
2005,2005,0025,5,2,5175,5175,7.0,2005 -> 5175 -> 5994 -> 5355 -> 1998 -> 8082 -> 8532 -> 6174 -> 6174
2014,2014,0124,4,1,4086,4086,7.0,2014 -> 4086 -> 8172 -> 7443 -> 3996 -> 6264 -> 4176 -> 6174 -> 6174
2015,2015,0125,5,1,5085,5085,7.0,2015 -> 5085 -> 7992 -> 7173 -> 6354 -> 3087 -> 8352 -> 6174 -> 6174
2016,2016,0126,6,1,6084,6084,7.0,2016 -> 6084 -> 8172 -> 7443 -> 3996 -> 6264 -> 4176 -> 6174 -> 6174
2034,2034,0234,4,1,4086,4086,7.0,2034 -> 4086 -> 8172 -> 7443 -> 3996 -> 6264 -> 4176 -> 6174 -> 6174
2035,2035,0235,5,1,5085,5085,7.0,2035 -> 5085 -> 7992 -> 7173 -> 6354 -> 3087 -> 8352 -> 6174 -> 6174
2036,2036,0236,6,1,6084,6084,7.0,2036 -> 6084 -> 8172 -> 7443 -> 3996 -> 6264 -> 4176 -> 6174 -> 6174
2041,2041,0124,4,1,4086,4086,7.0,2041 -> 4086 -> 8172 -> 7443 -> 3996 -> 6264 -> 4176 -> 6174 -> 6174
2043,2043,0234,4,1,4086,4086,7.0,2043 -> 4086 -> 8172 -> 7443 -> 3996 -> 6264 -> 4176 -> 6174 -> 6174
2045,2045,0245,5,2,5175,5175,7.0,2045 -> 5175 -> 5994 -> 5355 -> 1998 -> 8082 -> 8532 -> 6174 -> 6174
2050,2050,0025,5,2,5175,5175,7.0,2050 -> 5175 -> 5994 -> 5355 -> 1998 -> 8082 -> 8532 -> 6174 -> 6174
2051,2051,0125,5,1,5085,5085,7.0,2051 -> 5085 -> 7992 -> 7173 -> 6354 -> 3087 -> 8352 -> 6174 -> 6174
2053,2053,0235,5,1,5085,5085,7.0,2053 -> 5085 -> 7992 -> 7173 -> 6354 -> 3087 -> 8352 -> 6174 -> 6174
2054,2054,0245,5,2,5175,5175,7.0,2054 -> 5175 -> 5994 -> 5355 -> 1998 -> 8082 -> 8532 -> 6174 -> 6174
2061,2061,0126,6,1,6084,6084,7.0,2061 -> 6084 -> 8172 -> 7443 -> 3996 -> 6264 -> 4176 -> 6174 -> 6174
2063,2063,0236,6,1,6084,6084,7.0,2063 -> 6084 -> 8172 -> 7443 -> 3996 -> 6264 -> 4176 -> 6174 -> 6174
2069,2069,0269,9,4,9351,9351,7.0,2069 -> 9351 -> 8172 -> 7443 -> 3996 -> 6264 -> 4176 -> 6174 -> 6174
2078,2078,0278,8,5,8442,8442,7.0,2078 -> 8442 -> 5994 -> 5355 -> 1998 -> 8082 -> 8532 -> 6174 -> 6174
2079,2079,0279,9,5,9441,9441,7.0,2079 -> 9441 -> 7992 -> 7173 -> 6354 -> 3087 -> 8352 -> 6174 -> 6174
2087,2087,0278,8,5,8442,8442,7.0,2087 -> 8442 -> 5994 -> 5355 -> 1998 -> 8082 -> 8532 -> 6174 -> 6174
2089,2089,0289,9,6,9531,9531,7.0,2089 -> 9531 -> 8172 -> 7443 -> 3996 -> 6264 -> 4176 -> 6174 -> 6174
2096,2096,0269,9,4,9351,9351,7.0,2096 -> 9351 -> 8172 -> 7443 -> 3996 -> 6264 -> 4176 -> 6174 -> 6174
2097,2097,0279,9,5,9441,9441,7.0,2097 -> 9441 -> 7992 -> 7173 -> 6354 -> 3087 -> 8352 -> 6174 -> 6174
2098,2098,0289,9,6,9531,9531,7.0,2098 -> 9531 -> 8172 -> 7443 -> 3996 -> 6264 -> 4176 -> 6174 -> 6174
2104,2104,0124,4,1,4086,4086,7.0,2104 -> 4086 -> 8172 -> 7443 -> 3996 -> 6264 -> 4176 -> 6174 -> 6174
2105,2105,0125,5,1,5085,5085,7.0,2105 -> 5085 -> 7992 -> 7173 -> 6354 -> 3087 -> 8352 -> 6174 -> 6174
2106,2106,0126,6,1,6084,6084,7.0,2106 -> 6084 -> 8172 -> 7443 -> 3996 -> 6264 -> 4176 -> 6174 -> 6174
2115,2115,1125,4,1,4086,4086,7.0,2115 -> 4086 -> 8172 -> 7443 -> 3996 -> 6264 -> 4176 -> 6174 -> 6174
2116,2116,1126,5,1,5085,5085,7.0,2116 -> 5085 -> 7992 -> 7173 -> 6354 -> 3087 -> 8352 -> 6174 -> 6174
2117,2117,1127,6,1,6084,6084,7.0,2117 -> 6084 -> 8172 -> 7443 -> 3996 -> 6264 -> 4176 -> 6174 -> 6174
2135,2135,1235,4,1,4086,4086,7.0,2135 -> 4086 -> 8172 -> 7443 -> 3996 -> 6264 -> 4176 -> 6174 -> 6174
2136,2136,1236,5,1,5085,5085,7.0,2136 -> 5085 -> 7992 -> 7173 -> 6354 -> 3087 -> 8352 -> 6174 -> 6174
2137,2137,1237,6,1,6084,6084,7.0,2137 -> 6084 -> 8172 -> 7443 -> 3996 -> 6264 -> 4176 -> 6174 -> 6174
2140,2140,0124,4,1,4086,4086,7.0,2140 -> 4086 -> 8172 -> 7443 -> 3996 -> 6264 -> 4176 -> 6174 -> 6174
2146,2146,1246,5,2,5175,5175,7.0,2146 -> 5175 -> 5994 -> 5355 -> 1998 -> 8082 -> 8532 -> 6174 -> 6174
2150,2150,0125,5,1,5085,5085,7.0,2150 -> 5085 -> 7992 -> 7173 -> 6354 -> 3087 -> 8352 -> 6174 -> 6174
2151,2151,1125,4,1,4086,4086,7.0,2151 -> 4086 -> 8172 -> 7443 -> 3996 -> 6264 -> 4176 -> 6174 -> 6174
2153,2153,1235,4,1,4086,4086,7.0,2153 -> 4086 -> 8172 -> 7443 -> 3996 -> 6264 -> 4176 -> 6174 -> 6174
2160,2160,0126,6,1,6084,6084,7.0,2160 -> 6084 -> 8172 -> 7443 -> 3996 -> 6264 -> 4176 -> 6174 -> 6174
2161,2161,1126,5,1,5085,5085,7.0,2161 -> 5085 -> 7992 -> 7173 -> 6354 -> 3087 -> 8352 -> 6174 -> 6174
2163,2163,1236,5,1,5085,5085,7.0,2163 -> 5085 -> 7992 -> 7173 -> 6354 -> 3087 -> 8352 -> 6174 -> 6174
2164,2164,1246,5,2,5175,5175,7.0,2164 -> 5175 -> 5994 -> 5355 -> 1998 -> 8082 -> 8532 -> 6174 -> 6174
2171,2171,1127,6,1,6084,6084,7.0,2171 -> 6084 -> 8172 -> 7443 -> 3996 -> 6264 -> 4176 -> 6174 -> 6174
2173,2173,1237,6,1,6084,6084,7.0,2173 -> 6084 -> 8172 -> 7443 -> 3996 -> 6264 -> 4176 -> 6174 -> 6174
2179,2179,1279,8,5,8442,8442,7.0,2179 -> 8442 -> 5994 -> 5355 -> 1998 -> 8082 -> 8532 -> 6174 -> 6174
2197,2197,1279,8,5,8442,8442,7.0,2197 -> 8442 -> 5994 -> 5355 -> 1998 -> 8082 -> 8532 -> 6174 -> 6174
2236,2236,2236,4,1,4086,4086,7.0,2236 -> 4086 -> 8172 -> 7443 -> 3996 -> 6264 -> 4176 -> 6174 -> 6174
2237,2237,2237,5,1,5085,5085,7.0,2237 -> 5085 -> 7992 -> 7173 -> 6354 -> 3087 -> 8352 -> 6174 -> 6174
2238,2238,2238,6,1,6084,6084,7.0,2238 -> 6084 -> 8172 -> 7443 -> 3996 -> 6264 -> 4176 -> 6174 -> 6174
2247,2247,2247,5,2,5175,5175,7.0,2247 -> 5175 -> 5994 -> 5355 -> 1998 -> 8082 -> 8532 -> 6174 -> 6174
2263,2263,2236,4,1,4086,4086,7.0,2263 -> 4086 -> 8172 -> 7443 -> 3996 -> 6264 -> 4176 -> 6174 -> 6174
2273,2273,2237,5,1,5085,5085,7.0,2273 -> 5085 -> 7992 -> 7173 -> 6354 -> 3087 -> 8352 -> 6174 -> 6174
2274,2274,2247,5,2,5175,5175,7.0,2274 -> 5175 -> 5994 -> 5355 -> 1998 -> 8082 -> 8532 -> 6174 -> 6174
2283,2283,2238,6,1,6084,6084,7.0,2283 -> 6084 -> 8172 -> 7443 -> 3996 -> 6264 -> 4176 -> 6174 -> 6174
2304,2304,0234,4,1,4086,4086,7.0,2304 -> 4086 -> 8172 -> 7443 -> 3996 -> 6264 -> 4176 -> 6174 -> 6174
2305,2305,0235,5,1,5085,5085,7.0,2305 -> 5085 -> 7992 -> 7173 -> 6354 -> 3087 -> 8352 -> 6174 -> 6174
2306,2306,0236,6,1,6084,6084,7.0,2306 -> 6084 -> 8172 -> 7443 -> 3996 -> 6264 -> 4176 -> 6174 -> 6174
2315,2315,1235,4,1,4086,4086,7.0,2315 -> 4086 -> 8172 -> 7443 -> 3996 -> 6264 -> 4176 -> 6174 -> 6174
2316,2316,1236,5,1,5085,5085,7.0,2316 -> 5085 -> 7992 -> 7173 -> 6354 -> 3087 -> 8352 -> 6174 -> 6174
2317,2317,1237,6,1,6084,6084,7.0,2317 -> 6084 -> 8172 -> 7443 -> 3996 -> 6264 -> 4176 -> 6174 -> 6174
2326,2326,2236,4,1,4086,4086,7.0,2326 -> 4086 -> 8172 -> 7443 -> 3996 -> 6264 -> 4176 -> 6174 -> 6174
2327,2327,2237,5,1,5085,5085,7.0,2327 -> 5085 -> 7992 -> 7173 -> 6354 -> 3087 -> 8352 -> 6174 -> 6174
2328,2328,2238,6,1,6084,6084,7.0,2328 -> 6084 -> 8172 -> 7443 -> 3996 -> 6264 -> 4176 -> 6174 -> 6174
2340,2340,0234,4,1,4086,4086,7.0,2340 -> 4086 -> 8172 -> 7443 -> 3996 -> 6264 -> 4176 -> 6174 -> 6174
2346,2346,2346,4,1,4086,4086,7.0,2346 -> 4086 -> 8172 -> 7443 -> 3996 -> 6264 -> 4176 -> 6174 -> 6174
2347,2347,2347,5,1,5085,5085,7.0,2347 -> 5085 -> 7992 -> 7173 -> 6354 -> 3087 -> 8352 -> 6174 -> 6174
2348,2348,2348,6,1,6084,6084,7.0,2348 -> 6084 -> 8172 -> 7443 -> 3996 -> 6264 -> 4176 -> 6174 -> 6174
2350,2350,0235,5,1,5085,5085,7.0,2350 -> 5085 -> 7992 -> 7173 -> 6354 -> 3087 -> 8352 -> 6174 -> 6174
2351,2351,1235,4,1,4086,4086,7.0,2351 -> 4086 -> 8172 -> 7443 -> 3996 -> 6264 -> 4176 -> 6174 -> 6174
2357,2357,2357,5,2,5175,5175,7.0,2357 -> 5175 -> 5994 -> 5355 -> 1998 -> 8082 -> 8532 -> 6174 -> 6174
2360,2360,0236,6,1,6084,6084,7.0,2360 -> 6084 -> 8172 -> 7443 -> 3996 -> 6264 -> 4176 -> 6174 -> 6174
2361,2361,1236,5,1,5085,5085,7.0,2361 -> 5085 -> 7992 -> 7173 -> 6354 -> 3087 -> 8352 -> 6174 -> 6174
2362,2362,2236,4,1,4086,4086,7.0,2362 -> 4086 -> 8172 -> 7443 -> 3996 -> 6264 -> 4176 -> 6174 -> 6174
2364,2364,2346,4,1,4086,4086,7.0,2364 -> 4086 -> 8172 -> 7443 -> 3996 -> 6264 -> 4176 -> 6174 -> 6174
2371,2371,1237,6,1,6084,6084,7.0,2371 -> 6084 -> 8172 -> 7443 -> 3996 -> 6264 -> 4176 -> 6174 -> 6174
2372,2372,2237,5,1,5085,5085,7.0,2372 -> 5085 -> 7992 -> 7173 -> 6354 -> 3087 -> 8352 -> 6174 -> 6174
2374,2374,2347,5,1,5085,5085,7.0,2374 -> 5085 -> 7992 -> 7173 -> 6354 -> 3087 -> 8352 -> 6174 -> 6174
2375,2375,2357,5,2,5175,5175,7.0,2375 -> 5175 -> 5994 -> 5355 -> 1998 -> 8082 -> 8532 -> 6174 -> 6174
2382,2382,2238,6,1,6084,6084,7.0,2382 -> 6084 -> 8172 -> 7443 -> 3996 -> 6264 -> 4176 -> 6174 -> 6174
2384,2384,2348,6,1,6084,6084,7.0,2384 -> 6084 -> 8172 -> 7443 -> 3996 -> 6264 -> 4176 -> 6174 -> 6174
2401,2401,0124,4,1,4086,4086,7.0,2401 -> 4086 -> 8172 -> 7443 -> 3996 -> 6264 -> 4176 -> 6174 -> 6174
2403,2403,0234,4,1,4086,4086,7.0,2403 -> 4086 -> 8172 -> 7443 -> 3996 -> 6264 -> 4176 -> 6174 -> 6174
2405,2405,0245,5,2,5175,5175,7.0,2405 -> 5175 -> 5994 -> 5355 -> 1998 -> 8082 -> 8532 -> 6174 -> 6174
2410,2410,0124,4,1,4086,4086,7.0,2410 -> 4086 -> 8172 -> 7443 -> 3996 -> 6264 -> 4176 -> 6174 -> 6174
2416,2416,1246,5,2,5175,5175,7.0,2416 -> 5175 -> 5994 -> 5355 -> 1998 -> 8082 -> 8532 -> 6174 -> 6174
2427,2427,2247,5,2,5175,5175,7.0,2427 -> 5175 -> 5994 -> 5355 -> 1998 -> 8082 -> 8532 -> 6174 -> 6174
2430,2430,0234,4,1,4086,4086,7.0,2430 -> 4086 -> 8172 -> 7443 -> 3996 -> 6264 -> 4176 -> 6174 -> 6174
2436,2436,2346,4,1,4086,4086,7.0,2436 -> 4086 -> 8172 -> 7443 -> 3996 -> 6264 -> 4176 -> 6174 -> 6174
2437,2437,2347,5,1,5085,5085,7.0,2437 -> 5085 -> 7992 -> 7173 -> 6354 -> 3087 -> 8352 -> 6174 -> 6174
2438,2438,2348,6,1,6084,6084,7.0,2438 -> 6084 -> 8172 -> 7443 -> 3996 -> 6264 -> 4176 -> 6174 -> 6174
2450,2450,0245,5,2,5175,5175,7.0,2450 -> 5175 -> 5994 -> 5355 -> 1998 -> 8082 -> 8532 -> 6174 -> 6174
2456,2456,2456,4,1,4086,4086,7.0,2456 -> 4086 -> 8172 -> 7443 -> 3996 -> 6264 -> 4176 -> 6174 -> 6174
2457,2457,2457,5,1,5085,5085,7.0,2457 -> 5085 -> 7992 -> 7173 -> 6354 -> 3087 -> 8352 -> 6174 -> 6174
2458,2458,2458,6,1,6084,6084,7.0,2458 -> 6084 -> 8172 -> 7443 -> 3996 -> 6264 -> 4176 -> 6174 -> 6174
2461,2461,1246,5,2,5175,5175,7.0,2461 -> 5175 -> 5994 -> 5355 -> 1998 -> 8082 -> 8532 -> 6174 -> 6174
2463,2463,2346,4,1,4086,4086,7.0,2463 -> 4086 -> 8172 -> 7443 -> 3996 -> 6264 -> 4176 -> 6174 -> 6174
2465,2465,2456,4,1,4086,4086,7.0,2465 -> 4086 -> 8172 -> 7443 -> 3996 -> 6264 -> 4176 -> 6174 -> 6174
2467,2467,2467,5,2,5175,5175,7.0,2467 -> 5175 -> 5994 -> 5355 -> 1998 -> 8082 -> 8532 -> 6174 -> 6174
2472,2472,2247,5,2,5175,5175,7.0,2472 -> 5175 -> 5994 -> 5355 -> 1998 -> 8082 -> 8532 -> 6174 -> 6174
2473,2473,2347,5,1,5085,5085,7.0,2473 -> 5085 -> 7992 -> 7173 -> 6354 -> 3087 -> 8352 -> 6174 -> 6174
2475,2475,2457,5,1,5085,5085,7.0,2475 -> 5085 -> 7992 -> 7173 -> 6354 -> 3087 -> 8352 -> 6174 -> 6174
2476,2476,2467,5,2,5175,5175,7.0,2476 -> 5175 -> 5994 -> 5355 -> 1998 -> 8082 -> 8532 -> 6174 -> 6174
2483,2483,2348,6,1,6084,6084,7.0,2483 -> 6084 -> 8172 -> 7443 -> 3996 -> 6264 -> 4176 -> 6174 -> 6174
2485,2485,2458,6,1,6084,6084,7.0,2485 -> 6084 -> 8172 -> 7443 -> 3996 -> 6264 -> 4176 -> 6174 -> 6174
2500,2500,0025,5,2,5175,5175,7.0,2500 -> 5175 -> 5994 -> 5355 -> 1998 -> 8082 -> 8532 -> 6174 -> 6174
2501,2501,0125,5,1,5085,5085,7.0,2501 -> 5085 -> 7992 -> 7173 -> 6354 -> 3087 -> 8352 -> 6174 -> 6174
2503,2503,0235,5,1,5085,5085,7.0,2503 -> 5085 -> 7992 -> 7173 -> 6354 -> 3087 -> 8352 -> 6174 -> 6174
2504,2504,0245,5,2,5175,5175,7.0,2504 -> 5175 -> 5994 -> 5355 -> 1998 -> 8082 -> 8532 -> 6174 -> 6174
2510,2510,0125,5,1,5085,5085,7.0,2510 -> 5085 -> 7992 -> 7173 -> 6354 -> 3087 -> 8352 -> 6174 -> 6174
2511,2511,1125,4,1,4086,4086,7.0,2511 -> 4086 -> 8172 -> 7443 -> 3996 -> 6264 -> 4176 -> 6174 -> 6174
2513,2513,1235,4,1,4086,4086,7.0,2513 -> 4086 -> 8172 -> 7443 -> 3996 -> 6264 -> 4176 -> 6174 -> 6174
2530,2530,0235,5,1,5085,5085,7.0,2530 -> 5085 -> 7992 -> 7173 -> 6354 -> 3087 -> 8352 -> 6174 -> 6174
2531,2531,1235,4,1,4086,4086,7.0,2531 -> 4086 -> 8172 -> 7443 -> 3996 -> 6264 -> 4176 -> 6174 -> 6174
2537,2537,2357,5,2,5175,5175,7.0,2537 -> 5175 -> 5994 -> 5355 -> 1998 -> 8082 -> 8532 -> 6174 -> 6174
2540,2540,0245,5,2,5175,5175,7.0,2540 -> 5175 -> 5994 -> 5355 -> 1998 -> 8082 -> 8532 -> 6174 -> 6174
2546,2546,2456,4,1,4086,4086,7.0,2546 -> 4086 -> 8172 -> 7443 -> 3996 -> 6264 -> 4176 -> 6174 -> 6174
2547,2547,2457,5,1,5085,5085,7.0,2547 -> 5085 -> 7992 -> 7173 -> 6354 -> 3087 -> 8352 -> 6174 -> 6174
2548,2548,2458,6,1,6084,6084,7.0,2548 -> 6084 -> 8172 -> 7443 -> 3996 -> 6264 -> 4176 -> 6174 -> 6174
2564,2564,2456,4,1,4086,4086,7.0,2564 -> 4086 -> 8172 -> 7443 -> 3996 -> 6264 -> 4176 -> 6174 -> 6174
2566,2566,2566,4,1,4086,4086,7.0,2566 -> 4086 -> 8172 -> 7443 -> 3996 -> 6264 -> 4176 -> 6174 -> 6174
2567,2567,2567,5,1,5085,5085,7.0,2567 -> 5085 -> 7992 -> 7173 -> 6354 -> 3087 -> 8352 -> 6174 -> 6174
2568,2568,2568,6,1,6084,6084,7.0,2568 -> 6084 -> 8172 -> 7443 -> 3996 -> 6264 -> 4176 -> 6174 -> 6174
2573,2573,2357,5,2,5175,5175,7.0,2573 -> 5175 -> 5994 -> 5355 -> 1998 -> 8082 -> 8532 -> 6174 -> 6174
2574,2574,2457,5,1,5085,5085,7.0,2574 -> 5085 -> 7992 -> 7173 -> 6354 -> 3087 -> 8352 -> 6174 -> 6174
2576,2576,2567,5,1,5085,5085,7.0,2576 -> 5085 -> 7992 -> 7173 -> 6354 -> 3087 -> 8352 -> 6174 -> 6174
2577,2577,2577,5,2,5175,5175,7.0,2577 -> 5175 -> 5994 -> 5355 -> 1998 -> 8082 -> 8532 -> 6174 -> 6174
2584,2584,2458,6,1,6084,6084,7.0,2584 -> 6084 -> 8172 -> 7443 -> 3996 -> 6264 -> 4176 -> 6174 -> 6174
2586,2586,2568,6,1,6084,6084,7.0,2586 -> 6084 -> 8172 -> 7443 -> 3996 -> 6264 -> 4176 -> 6174 -> 6174
2601,2601,0126,6,1,6084,6084,7.0,2601 -> 6084 -> 8172 -> 7443 -> 3996 -> 6264 -> 4176 -> 6174 -> 6174
2603,2603,0236,6,1,6084,6084,7.0,2603 -> 6084 -> 8172 -> 7443 -> 3996 -> 6264 -> 4176 -> 6174 -> 6174
2609,2609,0269,9,4,9351,9351,7.0,2609 -> 9351 -> 8172 -> 7443 -> 3996 -> 6264 -> 4176 -> 6174 -> 6174
2610,2610,0126,6,1,6084,6084,7.0,2610 -> 6084 -> 8172 -> 7443 -> 3996 -> 6264 -> 4176 -> 6174 -> 6174
2611,2611,1126,5,1,5085,5085,7.0,2611 -> 5085 -> 7992 -> 7173 -> 6354 -> 3087 -> 8352 -> 6174 -> 6174
2613,2613,1236,5,1,5085,5085,7.0,2613 -> 5085 -> 7992 -> 7173 -> 6354 -> 3087 -> 8352 -> 6174 -> 6174
2614,2614,1246,5,2,5175,5175,7.0,2614 -> 5175 -> 5994 -> 5355 -> 1998 -> 8082 -> 8532 -> 6174 -> 6174
2623,2623,2236,4,1,4086,4086,7.0,2623 -> 4086 -> 8172 -> 7443 -> 3996 -> 6264 -> 4176 -> 6174 -> 6174
2630,2630,0236,6,1,6084,6084,7.0,2630 -> 6084 -> 8172 -> 7443 -> 3996 -> 6264 -> 4176 -> 6174 -> 6174
2631,2631,1236,5,1,5085,5085,7.0,2631 -> 5085 -> 7992 -> 7173 -> 6354 -> 3087 -> 8352 -> 6174 -> 6174
2632,2632,2236,4,1,4086,4086,7.0,2632 -> 4086 -> 8172 -> 7443 -> 3996 -> 6264 -> 4176 -> 6174 -> 6174
2634,2634,2346,4,1,4086,4086,7.0,2634 -> 4086 -> 8172 -> 7443 -> 3996 -> 6264 -> 4176 -> 6174 -> 6174
2641,2641,1246,5,2,5175,5175,7.0,2641 -> 5175 -> 5994 -> 5355 -> 1998 -> 8082 -> 8532 -> 6174 -> 6174
2643,2643,2346,4,1,4086,4086,7.0,2643 -> 4086 -> 8172 -> 7443 -> 3996 -> 6264 -> 4176 -> 6174 -> 6174
2645,2645,2456,4,1,4086,4086,7.0,2645 -> 4086 -> 8172 -> 7443 -> 3996 -> 6264 -> 4176 -> 6174 -> 6174
2647,2647,2467,5,2,5175,5175,7.0,2647 -> 5175 -> 5994 -> 5355 -> 1998 -> 8082 -> 8532 -> 6174 -> 6174
2654,2654,2456,4,1,4086,4086,7.0,2654 -> 4086 -> 8172 -> 7443 -> 3996 -> 6264 -> 4176 -> 6174 -> 6174
2656,2656,2566,4,1,4086,4086,7.0,2656 -> 4086 -> 8172 -> 7443 -> 3996 -> 6264 -> 4176 -> 6174 -> 6174
2657,2657,2567,5,1,5085,5085,7.0,2657 -> 5085 -> 7992 -> 7173 -> 6354 -> 3087 -> 8352 -> 6174 -> 6174
2658,2658,2568,6,1,6084,6084,7.0,2658 -> 6084 -> 8172 -> 7443 -> 3996 -> 6264 -> 4176 -> 6174 -> 6174
2665,2665,2566,4,1,4086,4086,7.0,2665 -> 4086 -> 8172 -> 7443 -> 3996 -> 6264 -> 4176 -> 6174 -> 6174
2674,2674,2467,5,2,5175,5175,7.0,2674 -> 5175 -> 5994 -> 5355 -> 1998 -> 8082 -> 8532 -> 6174 -> 6174
2675,2675,2567,5,1,5085,5085,7.0,2675 -> 5085 -> 7992 -> 7173 -> 6354 -> 3087 -> 8352 -> 6174 -> 6174
2677,2677,2677,5,1,5085,5085,7.0,2677 -> 5085 -> 7992 -> 7173 -> 6354 -> 3087 -> 8352 -> 6174 -> 6174
2678,2678,2678,6,1,6084,6084,7.0,2678 -> 6084 -> 8172 -> 7443 -> 3996 -> 6264 -> 4176 -> 6174 -> 6174
2685,2685,2568,6,1,6084,6084,7.0,2685 -> 6084 -> 8172 -> 7443 -> 3996 -> 6264 -> 4176 -> 6174 -> 6174
2687,2687,2678,6,1,6084,6084,7.0,2687 -> 6084 -> 8172 -> 7443 -> 3996 -> 6264 -> 4176 -> 6174 -> 6174
2690,2690,0269,9,4,9351,9351,7.0,2690 -> 9351 -> 8172 -> 7443 -> 3996 -> 6264 -> 4176 -> 6174 -> 6174
2708,2708,0278,8,5,8442,8442,7.0,2708 -> 8442 -> 5994 -> 5355 -> 1998 -> 8082 -> 8532 -> 6174 -> 6174
2709,2709,0279,9,5,9441,9441,7.0,2709 -> 9441 -> 7992 -> 7173 -> 6354 -> 3087 -> 8352 -> 6174 -> 6174
2711,2711,1127,6,1,6084,6084,7.0,2711 -> 6084 -> 8172 -> 7443 -> 3996 -> 6264 -> 4176 -> 6174 -> 6174
2713,2713,1237,6,1,6084,6084,7.0,2713 -> 6084 -> 8172 -> 7443 -> 3996 -> 6264 -> 4176 -> 6174 -> 6174
2719,2719,1279,8,5,8442,8442,7.0,2719 -> 8442 -> 5994 -> 5355 -> 1998 -> 8082 -> 8532 -> 6174 -> 6174
2723,2723,2237,5,1,5085,5085,7.0,2723 -> 5085 -> 7992 -> 7173 -> 6354 -> 3087 -> 8352 -> 6174 -> 6174
2724,2724,2247,5,2,5175,5175,7.0,2724 -> 5175 -> 5994 -> 5355 -> 1998 -> 8082 -> 8532 -> 6174 -> 6174
2731,2731,1237,6,1,6084,6084,7.0,2731 -> 6084 -> 8172 -> 7443 -> 3996 -> 6264 -> 4176 -> 6174 -> 6174
2732,2732,2237,5,1,5085,5085,7.0,2732 -> 5085 -> 7992 -> 7173 -> 6354 -> 3087 -> 8352 -> 6174 -> 6174
2734,2734,2347,5,1,5085,5085,7.0,2734 -> 5085 -> 7992 -> 7173 -> 6354 -> 3087 -> 8352 -> 6174 -> 6174
2735,2735,2357,5,2,5175,5175,7.0,2735 -> 5175 -> 5994 -> 5355 -> 1998 -> 8082 -> 8532 -> 6174 -> 6174
2742,2742,2247,5,2,5175,5175,7.0,2742 -> 5175 -> 5994 -> 5355 -> 1998 -> 8082 -> 8532 -> 6174 -> 6174
2743,2743,2347,5,1,5085,5085,7.0,2743 -> 5085 -> 7992 -> 7173 -> 6354 -> 3087 -> 8352 -> 6174 -> 6174
2745,2745,2457,5,1,5085,5085,7.0,2745 -> 5085 -> 7992 -> 7173 -> 6354 -> 3087 -> 8352 -> 6174 -> 6174
2746,2746,2467,5,2,5175,5175,7.0,2746 -> 5175 -> 5994 -> 5355 -> 1998 -> 8082 -> 8532 -> 6174 -> 6174
2753,2753,2357,5,2,5175,5175,7.0,2753 -> 5175 -> 5994 -> 5355 -> 1998 -> 8082 -> 8532 -> 6174 -> 6174
2754,2754,2457,5,1,5085,5085,7.0,2754 -> 5085 -> 7992 -> 7173 -> 6354 -> 3087 -> 8352 -> 6174 -> 6174
2756,2756,2567,5,1,5085,5085,7.0,2756 -> 5085 -> 7992 -> 7173 -> 6354 -> 3087 -> 8352 -> 6174 -> 6174
2757,2757,2577,5,2,5175,5175,7.0,2757 -> 5175 -> 5994 -> 5355 -> 1998 -> 8082 -> 8532 -> 6174 -> 6174
2764,2764,2467,5,2,5175,5175,7.0,2764 -> 5175 -> 5994 -> 5355 -> 1998 -> 8082 -> 8532 -> 6174 -> 6174
2765,2765,2567,5,1,5085,5085,7.0,2765 -> 5085 -> 7992 -> 7173 -> 6354 -> 3087 -> 8352 -> 6174 -> 6174
2767,2767,2677,5,1,5085,5085,7.0,2767 -> 5085 -> 7992 -> 7173 -> 6354 -> 3087 -> 8352 -> 6174 -> 6174
2768,2768,2678,6,1,6084,6084,7.0,2768 -> 6084 -> 8172 -> 7443 -> 3996 -> 6264 -> 4176 -> 6174 -> 6174
2775,2775,2577,5,2,5175,5175,7.0,2775 -> 5175 -> 5994 -> 5355 -> 1998 -> 8082 -> 8532 -> 6174 -> 6174
2776,2776,2677,5,1,5085,5085,7.0,2776 -> 5085 -> 7992 -> 7173 -> 6354 -> 3087 -> 8352 -> 6174 -> 6174
2780,2780,0278,8,5,8442,8442,7.0,2780 -> 8442 -> 5994 -> 5355 -> 1998 -> 8082 -> 8532 -> 6174 -> 6174
2786,2786,2678,6,1,6084,6084,7.0,2786 -> 6084 -> 8172 -> 7443 -> 3996 -> 6264 -> 4176 -> 6174 -> 6174
2788,2788,2788,6,1,6084,6084,7.0,2788 -> 6084 -> 8172 -> 7443 -> 3996 -> 6264 -> 4176 -> 6174 -> 6174
2790,2790,0279,9,5,9441,9441,7.0,2790 -> 9441 -> 7992 -> 7173 -> 6354 -> 3087 -> 8352 -> 6174 -> 6174
2791,2791,1279,8,5,8442,8442,7.0,2791 -> 8442 -> 5994 -> 5355 -> 1998 -> 8082 -> 8532 -> 6174 -> 6174
2807,2807,0278,8,5,8442,8442,7.0,2807 -> 8442 -> 5994 -> 5355 -> 1998 -> 8082 -> 8532 -> 6174 -> 6174
2809,2809,0289,9,6,9531,9531,7.0,2809 -> 9531 -> 8172 -> 7443 -> 3996 -> 6264 -> 4176 -> 6174 -> 6174
2823,2823,2238,6,1,6084,6084,7.0,2823 -> 6084 -> 8172 -> 7443 -> 3996 -> 6264 -> 4176 -> 6174 -> 6174
2832,2832,2238,6,1,6084,6084,7.0,2832 -> 6084 -> 8172 -> 7443 -> 3996 -> 6264 -> 4176 -> 6174 -> 6174
2834,2834,2348,6,1,6084,6084,7.0,2834 -> 6084 -> 8172 -> 7443 -> 3996 -> 6264 -> 4176 -> 6174 -> 6174
2843,2843,2348,6,1,6084,6084,7.0,2843 -> 6084 -> 8172 -> 7443 -> 3996 -> 6264 -> 4176 -> 6174 -> 6174
2845,2845,2458,6,1,6084,6084,7.0,2845 -> 6084 -> 8172 -> 7443 -> 3996 -> 6264 -> 4176 -> 6174 -> 6174
2854,2854,2458,6,1,6084,6084,7.0,2854 -> 6084 -> 8172 -> 7443 -> 3996 -> 6264 -> 4176 -> 6174 -> 6174
2856,2856,2568,6,1,6084,6084,7.0,2856 -> 6084 -> 8172 -> 7443 -> 3996 -> 6264 -> 4176 -> 6174 -> 6174
2865,2865,2568,6,1,6084,6084,7.0,2865 -> 6084 -> 8172 -> 7443 -> 3996 -> 6264 -> 4176 -> 6174 -> 6174
2867,2867,2678,6,1,6084,6084,7.0,2867 -> 6084 -> 8172 -> 7443 -> 3996 -> 6264 -> 4176 -> 6174 -> 6174
2870,2870,0278,8,5,8442,8442,7.0,2870 -> 8442 -> 5994 -> 5355 -> 1998 -> 8082 -> 8532 -> 6174 -> 6174
2876,2876,2678,6,1,6084,6084,7.0,2876 -> 6084 -> 8172 -> 7443 -> 3996 -> 6264 -> 4176 -> 6174 -> 6174
2878,2878,2788,6,1,6084,6084,7.0,2878 -> 6084 -> 8172 -> 7443 -> 3996 -> 6264 -> 4176 -> 6174 -> 6174
2887,2887,2788,6,1,6084,6084,7.0,2887 -> 6084 -> 8172 -> 7443 -> 3996 -> 6264 -> 4176 -> 6174 -> 6174
2890,2890,0289,9,6,9531,9531,7.0,2890 -> 9531 -> 8172 -> 7443 -> 3996 -> 6264 -> 4176 -> 6174 -> 6174
2906,2906,0269,9,4,9351,9351,7.0,2906 -> 9351 -> 8172 -> 7443 -> 3996 -> 6264 -> 4176 -> 6174 -> 6174
2907,2907,0279,9,5,9441,9441,7.0,2907 -> 9441 -> 7992 -> 7173 -> 6354 -> 3087 -> 8352 -> 6174 -> 6174
2908,2908,0289,9,6,9531,9531,7.0,2908 -> 9531 -> 8172 -> 7443 -> 3996 -> 6264 -> 4176 -> 6174 -> 6174
2917,2917,1279,8,5,8442,8442,7.0,2917 -> 8442 -> 5994 -> 5355 -> 1998 -> 8082 -> 8532 -> 6174 -> 6174
2960,2960,0269,9,4,9351,9351,7.0,2960 -> 9351 -> 8172 -> 7443 -> 3996 -> 6264 -> 4176 -> 6174 -> 6174
2970,2970,0279,9,5,9441,9441,7.0,2970 -> 9441 -> 7992 -> 7173 -> 6354 -> 3087 -> 8352 -> 6174 -> 6174
2971,2971,1279,8,5,8442,8442,7.0,2971 -> 8442 -> 5994 -> 5355 -> 1998 -> 8082 -> 8532 -> 6174 -> 6174
2980,2980,0289,9,6,9531,9531,7.0,2980 -> 9531 -> 8172 -> 7443 -> 3996 -> 6264 -> 4176 -> 6174 -> 6174
3015,3015,0135,5,2,5175,5175,7.0,3015 -> 5175 -> 5994 -> 5355 -> 1998 -> 8082 -> 8532 -> 6174 -> 6174
3024,3024,0234,4,1,4086,4086,7.0,3024 -> 4086 -> 8172 -> 7443 -> 3996 -> 6264 -> 4176 -> 6174 -> 6174
3025,3025,0235,5,1,5085,5085,7.0,3025 -> 5085 -> 7992 -> 7173 -> 6354 -> 3087 -> 8352 -> 6174 -> 6174
3026,3026,0236,6,1,6084,6084,7.0,3026 -> 6084 -> 8172 -> 7443 -> 3996 -> 6264 -> 4176 -> 6174 -> 6174
3042,3042,0234,4,1,4086,4086,7.0,3042 -> 4086 -> 8172 -> 7443 -> 3996 -> 6264 -> 4176 -> 6174 -> 6174
3044,3044,0344,4,1,4086,4086,7.0,3044 -> 4086 -> 8172 -> 7443 -> 3996 -> 6264 -> 4176 -> 6174 -> 6174
3045,3045,0345,5,1,5085,5085,7.0,3045 -> 5085 -> 7992 -> 7173 -> 6354 -> 3087 -> 8352 -> 6174 -> 6174
3046,3046,0346,6,1,6084,6084,7.0,3046 -> 6084 -> 8172 -> 7443 -> 3996 -> 6264 -> 4176 -> 6174 -> 6174
3051,3051,0135,5,2,5175,5175,7.0,3051 -> 5175 -> 5994 -> 5355 -> 1998 -> 8082 -> 8532 -> 6174 -> 6174
3052,3052,0235,5,1,5085,5085,7.0,3052 -> 5085 -> 7992 -> 7173 -> 6354 -> 3087 -> 8352 -> 6174 -> 6174
3054,3054,0345,5,1,5085,5085,7.0,3054 -> 5085 -> 7992 -> 7173 -> 6354 -> 3087 -> 8352 -> 6174 -> 6174
3055,3055,0355,5,2,5175,5175,7.0,3055 -> 5175 -> 5994 -> 5355 -> 1998 -> 8082 -> 8532 -> 6174 -> 6174
3062,3062,0236,6,1,6084,6084,7.0,3062 -> 6084 -> 8172 -> 7443 -> 3996 -> 6264 -> 4176 -> 6174 -> 6174
3064,3064,0346,6,1,6084,6084,7.0,3064 -> 6084 -> 8172 -> 7443 -> 3996 -> 6264 -> 4176 -> 6174 -> 6174
3079,3079,0379,9,4,9351,9351,7.0,3079 -> 9351 -> 8172 -> 7443 -> 3996 -> 6264 -> 4176 -> 6174 -> 6174
3088,3088,0388,8,5,8442,8442,7.0,3088 -> 8442 -> 5994 -> 5355 -> 1998 -> 8082 -> 8532 -> 6174 -> 6174
3089,3089,0389,9,5,9441,9441,7.0,3089 -> 9441 -> 7992 -> 7173 -> 6354 -> 3087 -> 8352 -> 6174 -> 6174
3097,3097,0379,9,4,9351,9351,7.0,3097 -> 9351 -> 8172 -> 7443 -> 3996 -> 6264 -> 4176 -> 6174 -> 6174
3098,3098,0389,9,5,9441,9441,7.0,3098 -> 9441 -> 7992 -> 7173 -> 6354 -> 3087 -> 8352 -> 6174 -> 6174
3099,3099,0399,9,6,9531,9531,7.0,3099 -> 9531 -> 8172 -> 7443 -> 3996 -> 6264 -> 4176 -> 6174 -> 6174
3105,3105,0135,5,2,5175,5175,7.0,3105 -> 5175 -> 5994 -> 5355 -> 1998 -> 8082 -> 8532 -> 6174 -> 6174
3116,3116,1136,5,2,5175,5175,7.0,3116 -> 5175 -> 5994 -> 5355 -> 1998 -> 8082 -> 8532 -> 6174 -> 6174
3125,3125,1235,4,1,4086,4086,7.0,3125 -> 4086 -> 8172 -> 7443 -> 3996 -> 6264 -> 4176 -> 6174 -> 6174
3126,3126,1236,5,1,5085,5085,7.0,3126 -> 5085 -> 7992 -> 7173 -> 6354 -> 3087 -> 8352 -> 6174 -> 6174
3127,3127,1237,6,1,6084,6084,7.0,3127 -> 6084 -> 8172 -> 7443 -> 3996 -> 6264 -> 4176 -> 6174 -> 6174
3145,3145,1345,4,1,4086,4086,7.0,3145 -> 4086 -> 8172 -> 7443 -> 3996 -> 6264 -> 4176 -> 6174 -> 6174
3146,3146,1346,5,1,5085,5085,7.0,3146 -> 5085 -> 7992 -> 7173 -> 6354 -> 3087 -> 8352 -> 6174 -> 6174
3147,3147,1347,6,1,6084,6084,7.0,3147 -> 6084 -> 8172 -> 7443 -> 3996 -> 6264 -> 4176 -> 6174 -> 6174
3150,3150,0135,5,2,5175,5175,7.0,3150 -> 5175 -> 5994 -> 5355 -> 1998 -> 8082 -> 8532 -> 6174 -> 6174
3152,3152,1235,4,1,4086,4086,7.0,3152 -> 4086 -> 8172 -> 7443 -> 3996 -> 6264 -> 4176 -> 6174 -> 6174
3154,3154,1345,4,1,4086,4086,7.0,3154 -> 4086 -> 8172 -> 7443 -> 3996 -> 6264 -> 4176 -> 6174 -> 6174
3156,3156,1356,5,2,5175,5175,7.0,3156 -> 5175 -> 5994 -> 5355 -> 1998 -> 8082 -> 8532 -> 6174 -> 6174
3161,3161,1136,5,2,5175,5175,7.0,3161 -> 5175 -> 5994 -> 5355 -> 1998 -> 8082 -> 8532 -> 6174 -> 6174
3162,3162,1236,5,1,5085,5085,7.0,3162 -> 5085 -> 7992 -> 7173 -> 6354 -> 3087 -> 8352 -> 6174 -> 6174
3164,3164,1346,5,1,5085,5085,7.0,3164 -> 5085 -> 7992 -> 7173 -> 6354 -> 3087 -> 8352 -> 6174 -> 6174
3165,3165,1356,5,2,5175,5175,7.0,3165 -> 5175 -> 5994 -> 5355 -> 1998 -> 8082 -> 8532 -> 6174 -> 6174
3172,3172,1237,6,1,6084,6084,7.0,3172 -> 6084 -> 8172 -> 7443 -> 3996 -> 6264 -> 4176 -> 6174 -> 6174
3174,3174,1347,6,1,6084,6084,7.0,3174 -> 6084 -> 8172 -> 7443 -> 3996 -> 6264 -> 4176 -> 6174 -> 6174
3189,3189,1389,8,5,8442,8442,7.0,3189 -> 8442 -> 5994 -> 5355 -> 1998 -> 8082 -> 8532 -> 6174 -> 6174
3198,3198,1389,8,5,8442,8442,7.0,3198 -> 8442 -> 5994 -> 5355 -> 1998 -> 8082 -> 8532 -> 6174 -> 6174
3204,3204,0234,4,1,4086,4086,7.0,3204 -> 4086 -> 8172 -> 7443 -> 3996 -> 6264 -> 4176 -> 6174 -> 6174
3205,3205,0235,5,1,5085,5085,7.0,3205 -> 5085 -> 7992 -> 7173 -> 6354 -> 3087 -> 8352 -> 6174 -> 6174
3206,3206,0236,6,1,6084,6084,7.0,3206 -> 6084 -> 8172 -> 7443 -> 3996 -> 6264 -> 4176 -> 6174 -> 6174
3215,3215,1235,4,1,4086,4086,7.0,3215 -> 4086 -> 8172 -> 7443 -> 3996 -> 6264 -> 4176 -> 6174 -> 6174
3216,3216,1236,5,1,5085,5085,7.0,3216 -> 5085 -> 7992 -> 7173 -> 6354 -> 3087 -> 8352 -> 6174 -> 6174
3217,3217,1237,6,1,6084,6084,7.0,3217 -> 6084 -> 8172 -> 7443 -> 3996 -> 6264 -> 4176 -> 6174 -> 6174
3226,3226,2236,4,1,4086,4086,7.0,3226 -> 4086 -> 8172 -> 7443 -> 3996 -> 6264 -> 4176 -> 6174 -> 6174
3227,3227,2237,5,1,5085,5085,7.0,3227 -> 5085 -> 7992 -> 7173 -> 6354 -> 3087 -> 8352 -> 6174 -> 6174
3228,3228,2238,6,1,6084,6084,7.0,3228 -> 6084 -> 8172 -> 7443 -> 3996 -> 6264 -> 4176 -> 6174 -> 6174
3240,3240,0234,4,1,4086,4086,7.0,3240 -> 4086 -> 8172 -> 7443 -> 3996 -> 6264 -> 4176 -> 6174 -> 6174
3246,3246,2346,4,1,4086,4086,7.0,3246 -> 4086 -> 8172 -> 7443 -> 3996 -> 6264 -> 4176 -> 6174 -> 6174
3247,3247,2347,5,1,5085,5085,7.0,3247 -> 5085 -> 7992 -> 7173 -> 6354 -> 3087 -> 8352 -> 6174 -> 6174
3248,3248,2348,6,1,6084,6084,7.0,3248 -> 6084 -> 8172 -> 7443 -> 3996 -> 6264 -> 4176 -> 6174 -> 6174
3250,3250,0235,5,1,5085,5085,7.0,3250 -> 5085 -> 7992 -> 7173 -> 6354 -> 3087 -> 8352 -> 6174 -> 6174
3251,3251,1235,4,1,4086,4086,7.0,3251 -> 4086 -> 8172 -> 7443 -> 3996 -> 6264 -> 4176 -> 6174 -> 6174
3257,3257,2357,5,2,5175,5175,7.0,3257 -> 5175 -> 5994 -> 5355 -> 1998 -> 8082 -> 8532 -> 6174 -> 6174
3260,3260,0236,6,1,6084,6084,7.0,3260 -> 6084 -> 8172 -> 7443 -> 3996 -> 6264 -> 4176 -> 6174 -> 6174
3261,3261,1236,5,1,5085,5085,7.0,3261 -> 5085 -> 7992 -> 7173 -> 6354 -> 3087 -> 8352 -> 6174 -> 6174
3262,3262,2236,4,1,4086,4086,7.0,3262 -> 4086 -> 8172 -> 7443 -> 3996 -> 6264 -> 4176 -> 6174 -> 6174
3264,3264,2346,4,1,4086,4086,7.0,3264 -> 4086 -> 8172 -> 7443 -> 3996 -> 6264 -> 4176 -> 6174 -> 6174
3271,3271,1237,6,1,6084,6084,7.0,3271 -> 6084 -> 8172 -> 7443 -> 3996 -> 6264 -> 4176 -> 6174 -> 6174
3272,3272,2237,5,1,5085,5085,7.0,3272 -> 5085 -> 7992 -> 7173 -> 6354 -> 3087 -> 8352 -> 6174 -> 6174
3274,3274,2347,5,1,5085,5085,7.0,3274 -> 5085 -> 7992 -> 7173 -> 6354 -> 3087 -> 8352 -> 6174 -> 6174
3275,3275,2357,5,2,5175,5175,7.0,3275 -> 5175 -> 5994 -> 5355 -> 1998 -> 8082 -> 8532 -> 6174 -> 6174
3282,3282,2238,6,1,6084,6084,7.0,3282 -> 6084 -> 8172 -> 7443 -> 3996 -> 6264 -> 4176 -> 6174 -> 6174
3284,3284,2348,6,1,6084,6084,7.0,3284 -> 6084 -> 8172 -> 7443 -> 3996 -> 6264 -> 4176 -> 6174 -> 6174
3347,3347,3347,4,1,4086,4086,7.0,3347 -> 4086 -> 8172 -> 7443 -> 3996 -> 6264 -> 4176 -> 6174 -> 6174
3348,3348,3348,5,1,5085,5085,7.0,3348 -> 5085 -> 7992 -> 7173 -> 6354 -> 3087 -> 8352 -> 6174 -> 6174
3349,3349,3349,6,1,6084,6084,7.0,3349 -> 6084 -> 8172 -> 7443 -> 3996 -> 6264 -> 4176 -> 6174 -> 6174
3358,3358,3358,5,2,5175,5175,7.0,3358 -> 5175 -> 5994 -> 5355 -> 1998 -> 8082 -> 8532 -> 6174 -> 6174
3374,3374,3347,4,1,4086,4086,7.0,3374 -> 4086 -> 8172 -> 7443 -> 3996 -> 6264 -> 4176 -> 6174 -> 6174
3384,3384,3348,5,1,5085,5085,7.0,3384 -> 5085 -> 7992 -> 7173 -> 6354 -> 3087 -> 8352 -> 6174 -> 6174
3385,3385,3358,5,2,5175,5175,7.0,3385 -> 5175 -> 5994 -> 5355 -> 1998 -> 8082 -> 8532 -> 6174 -> 6174
3394,3394,3349,6,1,6084,6084,7.0,3394 -> 6084 -> 8172 -> 7443 -> 3996 -> 6264 -> 4176 -> 6174 -> 6174
3402,3402,0234,4,1,4086,4086,7.0,3402 -> 4086 -> 8172 -> 7443 -> 3996 -> 6264 -> 4176 -> 6174 -> 6174
3404,3404,0344,4,1,4086,4086,7.0,3404 -> 4086 -> 8172 -> 7443 -> 3996 -> 6264 -> 4176 -> 6174 -> 6174
3405,3405,0345,5,1,5085,5085,7.0,3405 -> 5085 -> 7992 -> 7173 -> 6354 -> 3087 -> 8352 -> 6174 -> 6174
3406,3406,0346,6,1,6084,6084,7.0,3406 -> 6084 -> 8172 -> 7443 -> 3996 -> 6264 -> 4176 -> 6174 -> 6174
3415,3415,1345,4,1,4086,4086,7.0,3415 -> 4086 -> 8172 -> 7443 -> 3996 -> 6264 -> 4176 -> 6174 -> 6174
3416,3416,1346,5,1,5085,5085,7.0,3416 -> 5085 -> 7992 -> 7173 -> 6354 -> 3087 -> 8352 -> 6174 -> 6174
3417,3417,1347,6,1,6084,6084,7.0,3417 -> 6084 -> 8172 -> 7443 -> 3996 -> 6264 -> 4176 -> 6174 -> 6174
3420,3420,0234,4,1,4086,4086,7.0,3420 -> 4086 -> 8172 -> 7443 -> 3996 -> 6264 -> 4176 -> 6174 -> 6174
3426,3426,2346,4,1,4086,4086,7.0,3426 -> 4086 -> 8172 -> 7443 -> 3996 -> 6264 -> 4176 -> 6174 -> 6174
3427,3427,2347,5,1,5085,5085,7.0,3427 -> 5085 -> 7992 -> 7173 -> 6354 -> 3087 -> 8352 -> 6174 -> 6174
3428,3428,2348,6,1,6084,6084,7.0,3428 -> 6084 -> 8172 -> 7443 -> 3996 -> 6264 -> 4176 -> 6174 -> 6174
3437,3437,3347,4,1,4086,4086,7.0,3437 -> 4086 -> 8172 -> 7443 -> 3996 -> 6264 -> 4176 -> 6174 -> 6174
3438,3438,3348,5,1,5085,5085,7.0,3438 -> 5085 -> 7992 -> 7173 -> 6354 -> 3087 -> 8352 -> 6174 -> 6174
3439,3439,3349,6,1,6084,6084,7.0,3439 -> 6084 -> 8172 -> 7443 -> 3996 -> 6264 -> 4176 -> 6174 -> 6174
3440,3440,0344,4,1,4086,4086,7.0,3440 -> 4086 -> 8172 -> 7443 -> 3996 -> 6264 -> 4176 -> 6174 -> 6174
3450,3450,0345,5,1,5085,5085,7.0,3450 -> 5085 -> 7992 -> 7173 -> 6354 -> 3087 -> 8352 -> 6174 -> 6174
3451,3451,1345,4,1,4086,4086,7.0,3451 -> 4086 -> 8172 -> 7443 -> 3996 -> 6264 -> 4176 -> 6174 -> 6174
3457,3457,3457,4,1,4086,4086,7.0,3457 -> 4086 -> 8172 -> 7443 -> 3996 -> 6264 -> 4176 -> 6174 -> 6174
3458,3458,3458,5,1,5085,5085,7.0,3458 -> 5085 -> 7992 -> 7173 -> 6354 -> 3087 -> 8352 -> 6174 -> 6174
3459,3459,3459,6,1,6084,6084,7.0,3459 -> 6084 -> 8172 -> 7443 -> 3996 -> 6264 -> 4176 -> 6174 -> 6174
3460,3460,0346,6,1,6084,6084,7.0,3460 -> 6084 -> 8172 -> 7443 -> 3996 -> 6264 -> 4176 -> 6174 -> 6174
3461,3461,1346,5,1,5085,5085,7.0,3461 -> 5085 -> 7992 -> 7173 -> 6354 -> 3087 -> 8352 -> 6174 -> 6174
3462,3462,2346,4,1,4086,4086,7.0,3462 -> 4086 -> 8172 -> 7443 -> 3996 -> 6264 -> 4176 -> 6174 -> 6174
3468,3468,3468,5,2,5175,5175,7.0,3468 -> 5175 -> 5994 -> 5355 -> 1998 -> 8082 -> 8532 -> 6174 -> 6174
3471,3471,1347,6,1,6084,6084,7.0,3471 -> 6084 -> 8172 -> 7443 -> 3996 -> 6264 -> 4176 -> 6174 -> 6174
3472,3472,2347,5,1,5085,5085,7.0,3472 -> 5085 -> 7992 -> 7173 -> 6354 -> 3087 -> 8352 -> 6174 -> 6174
3473,3473,3347,4,1,4086,4086,7.0,3473 -> 4086 -> 8172 -> 7443 -> 3996 -> 6264 -> 4176 -> 6174 -> 6174
3475,3475,3457,4,1,4086,4086,7.0,3475 -> 4086 -> 8172 -> 7443 -> 3996 -> 6264 -> 4176 -> 6174 -> 6174
3482,3482,2348,6,1,6084,6084,7.0,3482 -> 6084 -> 8172 -> 7443 -> 3996 -> 6264 -> 4176 -> 6174 -> 6174
3483,3483,3348,5,1,5085,5085,7.0,3483 -> 5085 -> 7992 -> 7173 -> 6354 -> 3087 -> 8352 -> 6174 -> 6174
3485,3485,3458,5,1,5085,5085,7.0,3485 -> 5085 -> 7992 -> 7173 -> 6354 -> 3087 -> 8352 -> 6174 -> 6174
3486,3486,3468,5,2,5175,5175,7.0,3486 -> 5175 -> 5994 -> 5355 -> 1998 -> 8082 -> 8532 -> 6174 -> 6174
3493,3493,3349,6,1,6084,6084,7.0,3493 -> 6084 -> 8172 -> 7443 -> 3996 -> 6264 -> 4176 -> 6174 -> 6174
3495,3495,3459,6,1,6084,6084,7.0,3495 -> 6084 -> 8172 -> 7443 -> 3996 -> 6264 -> 4176 -> 6174 -> 6174
3501,3501,0135,5,2,5175,5175,7.0,3501 -> 5175 -> 5994 -> 5355 -> 1998 -> 8082 -> 8532 -> 6174 -> 6174
3502,3502,0235,5,1,5085,5085,7.0,3502 -> 5085 -> 7992 -> 7173 -> 6354 -> 3087 -> 8352 -> 6174 -> 6174
3504,3504,0345,5,1,5085,5085,7.0,3504 -> 5085 -> 7992 -> 7173 -> 6354 -> 3087 -> 8352 -> 6174 -> 6174
3505,3505,0355,5,2,5175,5175,7.0,3505 -> 5175 -> 5994 -> 5355 -> 1998 -> 8082 -> 8532 -> 6174 -> 6174
3510,3510,0135,5,2,5175,5175,7.0,3510 -> 5175 -> 5994 -> 5355 -> 1998 -> 8082 -> 8532 -> 6174 -> 6174
3512,3512,1235,4,1,4086,4086,7.0,3512 -> 4086 -> 8172 -> 7443 -> 3996 -> 6264 -> 4176 -> 6174 -> 6174
3514,3514,1345,4,1,4086,4086,7.0,3514 -> 4086 -> 8172 -> 7443 -> 3996 -> 6264 -> 4176 -> 6174 -> 6174
3516,3516,1356,5,2,5175,5175,7.0,3516 -> 5175 -> 5994 -> 5355 -> 1998 -> 8082 -> 8532 -> 6174 -> 6174
3520,3520,0235,5,1,5085,5085,7.0,3520 -> 5085 -> 7992 -> 7173 -> 6354 -> 3087 -> 8352 -> 6174 -> 6174
3521,3521,1235,4,1,4086,4086,7.0,3521 -> 4086 -> 8172 -> 7443 -> 3996 -> 6264 -> 4176 -> 6174 -> 6174
3527,3527,2357,5,2,5175,5175,7.0,3527 -> 5175 -> 5994 -> 5355 -> 1998 -> 8082 -> 8532 -> 6174 -> 6174
3538,3538,3358,5,2,5175,5175,7.0,3538 -> 5175 -> 5994 -> 5355 -> 1998 -> 8082 -> 8532 -> 6174 -> 6174
3540,3540,0345,5,1,5085,5085,7.0,3540 -> 5085 -> 7992 -> 7173 -> 6354 -> 3087 -> 8352 -> 6174 -> 6174
3541,3541,1345,4,1,4086,4086,7.0,3541 -> 4086 -> 8172 -> 7443 -> 3996 -> 6264 -> 4176 -> 6174 -> 6174
3547,3547,3457,4,1,4086,4086,7.0,3547 -> 4086 -> 8172 -> 7443 -> 3996 -> 6264 -> 4176 -> 6174 -> 6174
3548,3548,3458,5,1,5085,5085,7.0,3548 -> 5085 -> 7992 -> 7173 -> 6354 -> 3087 -> 8352 -> 6174 -> 6174
3549,3549,3459,6,1,6084,6084,7.0,3549 -> 6084 -> 8172 -> 7443 -> 3996 -> 6264 -> 4176 -> 6174 -> 6174
3550,3550,0355,5,2,5175,5175,7.0,3550 -> 5175 -> 5994 -> 5355 -> 1998 -> 8082 -> 8532 -> 6174 -> 6174
3561,3561,1356,5,2,5175,5175,7.0,3561 -> 5175 -> 5994 -> 5355 -> 1998 -> 8082 -> 8532 -> 6174 -> 6174
3567,3567,3567,4,1,4086,4086,7.0,3567 -> 4086 -> 8172 -> 7443 -> 3996 -> 6264 -> 4176 -> 6174 -> 6174
3568,3568,3568,5,1,5085,5085,7.0,3568 -> 5085 -> 7992 -> 7173 -> 6354 -> 3087 -> 8352 -> 6174 -> 6174
3569,3569,3569,6,1,6084,6084,7.0,3569 -> 6084 -> 8172 -> 7443 -> 3996 -> 6264 -> 4176 -> 6174 -> 6174
3572,3572,2357,5,2,5175,5175,7.0,3572 -> 5175 -> 5994 -> 5355 -> 1998 -> 8082 -> 8532 -> 6174 -> 6174
3574,3574,3457,4,1,4086,4086,7.0,3574 -> 4086 -> 8172 -> 7443 -> 3996 -> 6264 -> 4176 -> 6174 -> 6174
3576,3576,3567,4,1,4086,4086,7.0,3576 -> 4086 -> 8172 -> 7443 -> 3996 -> 6264 -> 4176 -> 6174 -> 6174
3578,3578,3578,5,2,5175,5175,7.0,3578 -> 5175 -> 5994 -> 5355 -> 1998 -> 8082 -> 8532 -> 6174 -> 6174
3583,3583,3358,5,2,5175,5175,7.0,3583 -> 5175 -> 5994 -> 5355 -> 1998 -> 8082 -> 8532 -> 6174 -> 6174
3584,3584,3458,5,1,5085,5085,7.0,3584 -> 5085 -> 7992 -> 7173 -> 6354 -> 3087 -> 8352 -> 6174 -> 6174
3586,3586,3568,5,1,5085,5085,7.0,3586 -> 5085 -> 7992 -> 7173 -> 6354 -> 3087 -> 8352 -> 6174 -> 6174
3587,3587,3578,5,2,5175,5175,7.0,3587 -> 5175 -> 5994 -> 5355 -> 1998 -> 8082 -> 8532 -> 6174 -> 6174
3594,3594,3459,6,1,6084,6084,7.0,3594 -> 6084 -> 8172 -> 7443 -> 3996 -> 6264 -> 4176 -> 6174 -> 6174
3596,3596,3569,6,1,6084,6084,7.0,3596 -> 6084 -> 8172 -> 7443 -> 3996 -> 6264 -> 4176 -> 6174 -> 6174
3602,3602,0236,6,1,6084,6084,7.0,3602 -> 6084 -> 8172 -> 7443 -> 3996 -> 6264 -> 4176 -> 6174 -> 6174
3604,3604,0346,6,1,6084,6084,7.0,3604 -> 6084 -> 8172 -> 7443 -> 3996 -> 6264 -> 4176 -> 6174 -> 6174
3611,3611,1136,5,2,5175,5175,7.0,3611 -> 5175 -> 5994 -> 5355 -> 1998 -> 8082 -> 8532 -> 6174 -> 6174
3612,3612,1236,5,1,5085,5085,7.0,3612 -> 5085 -> 7992 -> 7173 -> 6354 -> 3087 -> 8352 -> 6174 -> 6174
3614,3614,1346,5,1,5085,5085,7.0,3614 -> 5085 -> 7992 -> 7173 -> 6354 -> 3087 -> 8352 -> 6174 -> 6174
3615,3615,1356,5,2,5175,5175,7.0,3615 -> 5175 -> 5994 -> 5355 -> 1998 -> 8082 -> 8532 -> 6174 -> 6174
3620,3620,0236,6,1,6084,6084,7.0,3620 -> 6084 -> 8172 -> 7443 -> 3996 -> 6264 -> 4176 -> 6174 -> 6174
3621,3621,1236,5,1,5085,5085,7.0,3621 -> 5085 -> 7992 -> 7173 -> 6354 -> 3087 -> 8352 -> 6174 -> 6174
3622,3622,2236,4,1,4086,4086,7.0,3622 -> 4086 -> 8172 -> 7443 -> 3996 -> 6264 -> 4176 -> 6174 -> 6174
3624,3624,2346,4,1,4086,4086,7.0,3624 -> 4086 -> 8172 -> 7443 -> 3996 -> 6264 -> 4176 -> 6174 -> 6174
3640,3640,0346,6,1,6084,6084,7.0,3640 -> 6084 -> 8172 -> 7443 -> 3996 -> 6264 -> 4176 -> 6174 -> 6174
3641,3641,1346,5,1,5085,5085,7.0,3641 -> 5085 -> 7992 -> 7173 -> 6354 -> 3087 -> 8352 -> 6174 -> 6174
3642,3642,2346,4,1,4086,4086,7.0,3642 -> 4086 -> 8172 -> 7443 -> 3996 -> 6264 -> 4176 -> 6174 -> 6174
3648,3648,3468,5,2,5175,5175,7.0,3648 -> 5175 -> 5994 -> 5355 -> 1998 -> 8082 -> 8532 -> 6174 -> 6174
3651,3651,1356,5,2,5175,5175,7.0,3651 -> 5175 -> 5994 -> 5355 -> 1998 -> 8082 -> 8532 -> 6174 -> 6174
3657,3657,3567,4,1,4086,4086,7.0,3657 -> 4086 -> 8172 -> 7443 -> 3996 -> 6264 -> 4176 -> 6174 -> 6174
3658,3658,3568,5,1,5085,5085,7.0,3658 -> 5085 -> 7992 -> 7173 -> 6354 -> 3087 -> 8352 -> 6174 -> 6174
3659,3659,3569,6,1,6084,6084,7.0,3659 -> 6084 -> 8172 -> 7443 -> 3996 -> 6264 -> 4176 -> 6174 -> 6174
3675,3675,3567,4,1,4086,4086,7.0,3675 -> 4086 -> 8172 -> 7443 -> 3996 -> 6264 -> 4176 -> 6174 -> 6174
3677,3677,3677,4,1,4086,4086,7.0,3677 -> 4086 -> 8172 -> 7443 -> 3996 -> 6264 -> 4176 -> 6174 -> 6174
3678,3678,3678,5,1,5085,5085,7.0,3678 -> 5085 -> 7992 -> 7173 -> 6354 -> 3087 -> 8352 -> 6174 -> 6174
3679,3679,3679,6,1,6084,6084,7.0,3679 -> 6084 -> 8172 -> 7443 -> 3996 -> 6264 -> 4176 -> 6174 -> 6174
3684,3684,3468,5,2,5175,5175,7.0,3684 -> 5175 -> 5994 -> 5355 -> 1998 -> 8082 -> 8532 -> 6174 -> 6174
3685,3685,3568,5,1,5085,5085,7.0,3685 -> 5085 -> 7992 -> 7173 -> 6354 -> 3087 -> 8352 -> 6174 -> 6174
3687,3687,3678,5,1,5085,5085,7.0,3687 -> 5085 -> 7992 -> 7173 -> 6354 -> 3087 -> 8352 -> 6174 -> 6174
3688,3688,3688,5,2,5175,5175,7.0,3688 -> 5175 -> 5994 -> 5355 -> 1998 -> 8082 -> 8532 -> 6174 -> 6174
3695,3695,3569,6,1,6084,6084,7.0,3695 -> 6084 -> 8172 -> 7443 -> 3996 -> 6264 -> 4176 -> 6174 -> 6174
3697,3697,3679,6,1,6084,6084,7.0,3697 -> 6084 -> 8172 -> 7443 -> 3996 -> 6264 -> 4176 -> 6174 -> 6174
3709,3709,0379,9,4,9351,9351,7.0,3709 -> 9351 -> 8172 -> 7443 -> 3996 -> 6264 -> 4176 -> 6174 -> 6174
3712,3712,1237,6,1,6084,6084,7.0,3712 -> 6084 -> 8172 -> 7443 -> 3996 -> 6264 -> 4176 -> 6174 -> 6174
3714,3714,1347,6,1,6084,6084,7.0,3714 -> 6084 -> 8172 -> 7443 -> 3996 -> 6264 -> 4176 -> 6174 -> 6174
3721,3721,1237,6,1,6084,6084,7.0,3721 -> 6084 -> 8172 -> 7443 -> 3996 -> 6264 -> 4176 -> 6174 -> 6174
3722,3722,2237,5,1,5085,5085,7.0,3722 -> 5085 -> 7992 -> 7173 -> 6354 -> 3087 -> 8352 -> 6174 -> 6174
3724,3724,2347,5,1,5085,5085,7.0,3724 -> 5085 -> 7992 -> 7173 -> 6354 -> 3087 -> 8352 -> 6174 -> 6174
3725,3725,2357,5,2,5175,5175,7.0,3725 -> 5175 -> 5994 -> 5355 -> 1998 -> 8082 -> 8532 -> 6174 -> 6174
3734,3734,3347,4,1,4086,4086,7.0,3734 -> 4086 -> 8172 -> 7443 -> 3996 -> 6264 -> 4176 -> 6174 -> 6174
3741,3741,1347,6,1,6084,6084,7.0,3741 -> 6084 -> 8172 -> 7443 -> 3996 -> 6264 -> 4176 -> 6174 -> 6174
3742,3742,2347,5,1,5085,5085,7.0,3742 -> 5085 -> 7992 -> 7173 -> 6354 -> 3087 -> 8352 -> 6174 -> 6174
3743,3743,3347,4,1,4086,4086,7.0,3743 -> 4086 -> 8172 -> 7443 -> 3996 -> 6264 -> 4176 -> 6174 -> 6174
3745,3745,3457,4,1,4086,4086,7.0,3745 -> 4086 -> 8172 -> 7443 -> 3996 -> 6264 -> 4176 -> 6174 -> 6174
3752,3752,2357,5,2,5175,5175,7.0,3752 -> 5175 -> 5994 -> 5355 -> 1998 -> 8082 -> 8532 -> 6174 -> 6174
3754,3754,3457,4,1,4086,4086,7.0,3754 -> 4086 -> 8172 -> 7443 -> 3996 -> 6264 -> 4176 -> 6174 -> 6174
3756,3756,3567,4,1,4086,4086,7.0,3756 -> 4086 -> 8172 -> 7443 -> 3996 -> 6264 -> 4176 -> 6174 -> 6174
3758,3758,3578,5,2,5175,5175,7.0,3758 -> 5175 -> 5994 -> 5355 -> 1998 -> 8082 -> 8532 -> 6174 -> 6174
3765,3765,3567,4,1,4086,4086,7.0,3765 -> 4086 -> 8172 -> 7443 -> 3996 -> 6264 -> 4176 -> 6174 -> 6174
3767,3767,3677,4,1,4086,4086,7.0,3767 -> 4086 -> 8172 -> 7443 -> 3996 -> 6264 -> 4176 -> 6174 -> 6174
3768,3768,3678,5,1,5085,5085,7.0,3768 -> 5085 -> 7992 -> 7173 -> 6354 -> 3087 -> 8352 -> 6174 -> 6174
3769,3769,3679,6,1,6084,6084,7.0,3769 -> 6084 -> 8172 -> 7443 -> 3996 -> 6264 -> 4176 -> 6174 -> 6174
3776,3776,3677,4,1,4086,4086,7.0,3776 -> 4086 -> 8172 -> 7443 -> 3996 -> 6264 -> 4176 -> 6174 -> 6174
3785,3785,3578,5,2,5175,5175,7.0,3785 -> 5175 -> 5994 -> 5355 -> 1998 -> 8082 -> 8532 -> 6174 -> 6174
3786,3786,3678,5,1,5085,5085,7.0,3786 -> 5085 -> 7992 -> 7173 -> 6354 -> 3087 -> 8352 -> 6174 -> 6174
3788,3788,3788,5,1,5085,5085,7.0,3788 -> 5085 -> 7992 -> 7173 -> 6354 -> 3087 -> 8352 -> 6174 -> 6174
3789,3789,3789,6,1,6084,6084,7.0,3789 -> 6084 -> 8172 -> 7443 -> 3996 -> 6264 -> 4176 -> 6174 -> 6174
3790,3790,0379,9,4,9351,9351,7.0,3790 -> 9351 -> 8172 -> 7443 -> 3996 -> 6264 -> 4176 -> 6174 -> 6174
3796,3796,3679,6,1,6084,6084,7.0,3796 -> 6084 -> 8172 -> 7443 -> 3996 -> 6264 -> 4176 -> 6174 -> 6174
3798,3798,3789,6,1,6084,6084,7.0,3798 -> 6084 -> 8172 -> 7443 -> 3996 -> 6264 -> 4176 -> 6174 -> 6174
3808,3808,0388,8,5,8442,8442,7.0,3808 -> 8442 -> 5994 -> 5355 -> 1998 -> 8082 -> 8532 -> 6174 -> 6174
3809,3809,0389,9,5,9441,9441,7.0,3809 -> 9441 -> 7992 -> 7173 -> 6354 -> 3087 -> 8352 -> 6174 -> 6174
3819,3819,1389,8,5,8442,8442,7.0,3819 -> 8442 -> 5994 -> 5355 -> 1998 -> 8082 -> 8532 -> 6174 -> 6174
3822,3822,2238,6,1,6084,6084,7.0,3822 -> 6084 -> 8172 -> 7443 -> 3996 -> 6264 -> 4176 -> 6174 -> 6174
3824,3824,2348,6,1,6084,6084,7.0,3824 -> 6084 -> 8172 -> 7443 -> 3996 -> 6264 -> 4176 -> 6174 -> 6174
3834,3834,3348,5,1,5085,5085,7.0,3834 -> 5085 -> 7992 -> 7173 -> 6354 -> 3087 -> 8352 -> 6174 -> 6174
3835,3835,3358,5,2,5175,5175,7.0,3835 -> 5175 -> 5994 -> 5355 -> 1998 -> 8082 -> 8532 -> 6174 -> 6174
3842,3842,2348,6,1,6084,6084,7.0,3842 -> 6084 -> 8172 -> 7443 -> 3996 -> 6264 -> 4176 -> 6174 -> 6174
3843,3843,3348,5,1,5085,5085,7.0,3843 -> 5085 -> 7992 -> 7173 -> 6354 -> 3087 -> 8352 -> 6174 -> 6174
3845,3845,3458,5,1,5085,5085,7.0,3845 -> 5085 -> 7992 -> 7173 -> 6354 -> 3087 -> 8352 -> 6174 -> 6174
3846,3846,3468,5,2,5175,5175,7.0,3846 -> 5175 -> 5994 -> 5355 -> 1998 -> 8082 -> 8532 -> 6174 -> 6174
3853,3853,3358,5,2,5175,5175,7.0,3853 -> 5175 -> 5994 -> 5355 -> 1998 -> 8082 -> 8532 -> 6174 -> 6174
3854,3854,3458,5,1,5085,5085,7.0,3854 -> 5085 -> 7992 -> 7173 -> 6354 -> 3087 -> 8352 -> 6174 -> 6174
3856,3856,3568,5,1,5085,5085,7.0,3856 -> 5085 -> 7992 -> 7173 -> 6354 -> 3087 -> 8352 -> 6174 -> 6174
3857,3857,3578,5,2,5175,5175,7.0,3857 -> 5175 -> 5994 -> 5355 -> 1998 -> 8082 -> 8532 -> 6174 -> 6174
3864,3864,3468,5,2,5175,5175,7.0,3864 -> 5175 -> 5994 -> 5355 -> 1998 -> 8082 -> 8532 -> 6174 -> 6174
3865,3865,3568,5,1,5085,5085,7.0,3865 -> 5085 -> 7992 -> 7173 -> 6354 -> 3087 -> 8352 -> 6174 -> 6174
3867,3867,3678,5,1,5085,5085,7.0,3867 -> 5085 -> 7992 -> 7173 -> 6354 -> 3087 -> 8352 -> 6174 -> 6174
3868,3868,3688,5,2,5175,5175,7.0,3868 -> 5175 -> 5994 -> 5355 -> 1998 -> 8082 -> 8532 -> 6174 -> 6174
3875,3875,3578,5,2,5175,5175,7.0,3875 -> 5175 -> 5994 -> 5355 -> 1998 -> 8082 -> 8532 -> 6174 -> 6174
3876,3876,3678,5,1,5085,5085,7.0,3876 -> 5085 -> 7992 -> 7173 -> 6354 -> 3087 -> 8352 -> 6174 -> 6174
3878,3878,3788,5,1,5085,5085,7.0,3878 -> 5085 -> 7992 -> 7173 -> 6354 -> 3087 -> 8352 -> 6174 -> 6174
3879,3879,3789,6,1,6084,6084,7.0,3879 -> 6084 -> 8172 -> 7443 -> 3996 -> 6264 -> 4176 -> 6174 -> 6174
3880,3880,0388,8,5,8442,8442,7.0,3880 -> 8442 -> 5994 -> 5355 -> 1998 -> 8082 -> 8532 -> 6174 -> 6174
3886,3886,3688,5,2,5175,5175,7.0,3886 -> 5175 -> 5994 -> 5355 -> 1998 -> 8082 -> 8532 -> 6174 -> 6174
3887,3887,3788,5,1,5085,5085,7.0,3887 -> 5085 -> 7992 -> 7173 -> 6354 -> 3087 -> 8352 -> 6174 -> 6174
3890,3890,0389,9,5,9441,9441,7.0,3890 -> 9441 -> 7992 -> 7173 -> 6354 -> 3087 -> 8352 -> 6174 -> 6174
3891,3891,1389,8,5,8442,8442,7.0,3891 -> 8442 -> 5994 -> 5355 -> 1998 -> 8082 -> 8532 -> 6174 -> 6174
3897,3897,3789,6,1,6084,6084,7.0,3897 -> 6084 -> 8172 -> 7443 -> 3996 -> 6264 -> 4176 -> 6174 -> 6174
3899,3899,3899,6,1,6084,6084,7.0,3899 -> 6084 -> 8172 -> 7443 -> 3996 -> 6264 -> 4176 -> 6174 -> 6174
3907,3907,0379,9,4,9351,9351,7.0,3907 -> 9351 -> 8172 -> 7443 -> 3996 -> 6264 -> 4176 -> 6174 -> 6174
3908,3908,0389,9,5,9441,9441,7.0,3908 -> 9441 -> 7992 -> 7173 -> 6354 -> 3087 -> 8352 -> 6174 -> 6174
3909,3909,0399,9,6,9531,9531,7.0,3909 -> 9531 -> 8172 -> 7443 -> 3996 -> 6264 -> 4176 -> 6174 -> 6174
3918,3918,1389,8,5,8442,8442,7.0,3918 -> 8442 -> 5994 -> 5355 -> 1998 -> 8082 -> 8532 -> 6174 -> 6174
3934,3934,3349,6,1,6084,6084,7.0,3934 -> 6084 -> 8172 -> 7443 -> 3996 -> 6264 -> 4176 -> 6174 -> 6174
3943,3943,3349,6,1,6084,6084,7.0,3943 -> 6084 -> 8172 -> 7443 -> 3996 -> 6264 -> 4176 -> 6174 -> 6174
3945,3945,3459,6,1,6084,6084,7.0,3945 -> 6084 -> 8172 -> 7443 -> 3996 -> 6264 -> 4176 -> 6174 -> 6174
3954,3954,3459,6,1,6084,6084,7.0,3954 -> 6084 -> 8172 -> 7443 -> 3996 -> 6264 -> 4176 -> 6174 -> 6174
3956,3956,3569,6,1,6084,6084,7.0,3956 -> 6084 -> 8172 -> 7443 -> 3996 -> 6264 -> 4176 -> 6174 -> 6174
3965,3965,3569,6,1,6084,6084,7.0,3965 -> 6084 -> 8172 -> 7443 -> 3996 -> 6264 -> 4176 -> 6174 -> 6174
3967,3967,3679,6,1,6084,6084,7.0,3967 -> 6084 -> 8172 -> 7443 -> 3996 -> 6264 -> 4176 -> 6174 -> 6174
3970,3970,0379,9,4,9351,9351,7.0,3970 -> 9351 -> 8172 -> 7443 -> 3996 -> 6264 -> 4176 -> 6174 -> 6174
3976,3976,3679,6,1,6084,6084,7.0,3976 -> 6084 -> 8172 -> 7443 -> 3996 -> 6264 -> 4176 -> 6174 -> 6174
3978,3978,3789,6,1,6084,6084,7.0,3978 -> 6084 -> 8172 -> 7443 -> 3996 -> 6264 -> 4176 -> 6174 -> 6174
3980,3980,0389,9,5,9441,9441,7.0,3980 -> 9441 -> 7992 -> 7173 -> 6354 -> 3087 -> 8352 -> 6174 -> 6174
3981,3981,1389,8,5,8442,8442,7.0,3981 -> 8442 -> 5994 -> 5355 -> 1998 -> 8082 -> 8532 -> 6174 -> 6174
3987,3987,3789,6,1,6084,6084,7.0,3987 -> 6084 -> 8172 -> 7443 -> 3996 -> 6264 -> 4176 -> 6174 -> 6174
3989,3989,3899,6,1,6084,6084,7.0,3989 -> 6084 -> 8172 -> 7443 -> 3996 -> 6264 -> 4176 -> 6174 -> 6174
3990,3990,0399,9,6,9531,9531,7.0,3990 -> 9531 -> 8172 -> 7443 -> 3996 -> 6264 -> 4176 -> 6174 -> 6174
3998,3998,3899,6,1,6084,6084,7.0,3998 -> 6084 -> 8172 -> 7443 -> 3996 -> 6264 -> 4176 -> 6174 -> 6174
4001,4001,0014,4,1,4086,4086,7.0,4001 -> 4086 -> 8172 -> 7443 -> 3996 -> 6264 -> 4176 -> 6174 -> 6174
4009,4009,0049,9,4,9351,9351,7.0,4009 -> 9351 -> 8172 -> 7443 -> 3996 -> 6264 -> 4176 -> 6174 -> 6174
4010,4010,0014,4,1,4086,4086,7.0,4010 -> 4086 -> 8172 -> 7443 -> 3996 -> 6264 -> 4176 -> 6174 -> 6174
4012,4012,0124,4,1,4086,4086,7.0,4012 -> 4086 -> 8172 -> 7443 -> 3996 -> 6264 -> 4176 -> 6174 -> 6174
4021,4021,0124,4,1,4086,4086,7.0,4021 -> 4086 -> 8172 -> 7443 -> 3996 -> 6264 -> 4176 -> 6174 -> 6174
4023,4023,0234,4,1,4086,4086,7.0,4023 -> 4086 -> 8172 -> 7443 -> 3996 -> 6264 -> 4176 -> 6174 -> 6174
4025,4025,0245,5,2,5175,5175,7.0,4025 -> 5175 -> 5994 -> 5355 -> 1998 -> 8082 -> 8532 -> 6174 -> 6174
4032,4032,0234,4,1,4086,4086,7.0,4032 -> 4086 -> 8172 -> 7443 -> 3996 -> 6264 -> 4176 -> 6174 -> 6174
4034,4034,0344,4,1,4086,4086,7.0,4034 -> 4086 -> 8172 -> 7443 -> 3996 -> 6264 -> 4176 -> 6174 -> 6174
4035,4035,0345,5,1,5085,5085,7.0,4035 -> 5085 -> 7992 -> 7173 -> 6354 -> 3087 -> 8352 -> 6174 -> 6174
4036,4036,0346,6,1,6084,6084,7.0,4036 -> 6084 -> 8172 -> 7443 -> 3996 -> 6264 -> 4176 -> 6174 -> 6174
4043,4043,0344,4,1,4086,4086,7.0,4043 -> 4086 -> 8172 -> 7443 -> 3996 -> 6264 -> 4176 -> 6174 -> 6174
4052,4052,0245,5,2,5175,5175,7.0,4052 -> 5175 -> 5994 -> 5355 -> 1998 -> 8082 -> 8532 -> 6174 -> 6174
4053,4053,0345,5,1,5085,5085,7.0,4053 -> 5085 -> 7992 -> 7173 -> 6354 -> 3087 -> 8352 -> 6174 -> 6174
4055,4055,0455,5,1,5085,5085,7.0,4055 -> 5085 -> 7992 -> 7173 -> 6354 -> 3087 -> 8352 -> 6174 -> 6174
4056,4056,0456,6,1,6084,6084,7.0,4056 -> 6084 -> 8172 -> 7443 -> 3996 -> 6264 -> 4176 -> 6174 -> 6174
4063,4063,0346,6,1,6084,6084,7.0,4063 -> 6084 -> 8172 -> 7443 -> 3996 -> 6264 -> 4176 -> 6174 -> 6174
4065,4065,0456,6,1,6084,6084,7.0,4065 -> 6084 -> 8172 -> 7443 -> 3996 -> 6264 -> 4176 -> 6174 -> 6174
4089,4089,0489,9,4,9351,9351,7.0,4089 -> 9351 -> 8172 -> 7443 -> 3996 -> 6264 -> 4176 -> 6174 -> 6174
4090,4090,0049,9,4,9351,9351,7.0,4090 -> 9351 -> 8172 -> 7443 -> 3996 -> 6264 -> 4176 -> 6174 -> 6174
4098,4098,0489,9,4,9351,9351,7.0,4098 -> 9351 -> 8172 -> 7443 -> 3996 -> 6264 -> 4176 -> 6174 -> 6174
4099,4099,0499,9,5,9441,9441,7.0,4099 -> 9441 -> 7992 -> 7173 -> 6354 -> 3087 -> 8352 -> 6174 -> 6174
4100,4100,0014,4,1,4086,4086,7.0,4100 -> 4086 -> 8172 -> 7443 -> 3996 -> 6264 -> 4176 -> 6174 -> 6174
4102,4102,0124,4,1,4086,4086,7.0,4102 -> 4086 -> 8172 -> 7443 -> 3996 -> 6264 -> 4176 -> 6174 -> 6174
4120,4120,0124,4,1,4086,4086,7.0,4120 -> 4086 -> 8172 -> 7443 -> 3996 -> 6264 -> 4176 -> 6174 -> 6174
4126,4126,1246,5,2,5175,5175,7.0,4126 -> 5175 -> 5994 -> 5355 -> 1998 -> 8082 -> 8532 -> 6174 -> 6174
4135,4135,1345,4,1,4086,4086,7.0,4135 -> 4086 -> 8172 -> 7443 -> 3996 -> 6264 -> 4176 -> 6174 -> 6174
4136,4136,1346,5,1,5085,5085,7.0,4136 -> 5085 -> 7992 -> 7173 -> 6354 -> 3087 -> 8352 -> 6174 -> 6174
4137,4137,1347,6,1,6084,6084,7.0,4137 -> 6084 -> 8172 -> 7443 -> 3996 -> 6264 -> 4176 -> 6174 -> 6174
4153,4153,1345,4,1,4086,4086,7.0,4153 -> 4086 -> 8172 -> 7443 -> 3996 -> 6264 -> 4176 -> 6174 -> 6174
4155,4155,1455,4,1,4086,4086,7.0,4155 -> 4086 -> 8172 -> 7443 -> 3996 -> 6264 -> 4176 -> 6174 -> 6174
4156,4156,1456,5,1,5085,5085,7.0,4156 -> 5085 -> 7992 -> 7173 -> 6354 -> 3087 -> 8352 -> 6174 -> 6174
4157,4157,1457,6,1,6084,6084,7.0,4157 -> 6084 -> 8172 -> 7443 -> 3996 -> 6264 -> 4176 -> 6174 -> 6174
4162,4162,1246,5,2,5175,5175,7.0,4162 -> 5175 -> 5994 -> 5355 -> 1998 -> 8082 -> 8532 -> 6174 -> 6174
4163,4163,1346,5,1,5085,5085,7.0,4163 -> 5085 -> 7992 -> 7173 -> 6354 -> 3087 -> 8352 -> 6174 -> 6174
4165,4165,1456,5,1,5085,5085,7.0,4165 -> 5085 -> 7992 -> 7173 -> 6354 -> 3087 -> 8352 -> 6174 -> 6174
4166,4166,1466,5,2,5175,5175,7.0,4166 -> 5175 -> 5994 -> 5355 -> 1998 -> 8082 -> 8532 -> 6174 -> 6174
4173,4173,1347,6,1,6084,6084,7.0,4173 -> 6084 -> 8172 -> 7443 -> 3996 -> 6264 -> 4176 -> 6174 -> 6174
4175,4175,1457,6,1,6084,6084,7.0,4175 -> 6084 -> 8172 -> 7443 -> 3996 -> 6264 -> 4176 -> 6174 -> 6174
4199,4199,1499,8,5,8442,8442,7.0,4199 -> 8442 -> 5994 -> 5355 -> 1998 -> 8082 -> 8532 -> 6174 -> 6174
4201,4201,0124,4,1,4086,4086,7.0,4201 -> 4086 -> 8172 -> 7443 -> 3996 -> 6264 -> 4176 -> 6174 -> 6174
4203,4203,0234,4,1,4086,4086,7.0,4203 -> 4086 -> 8172 -> 7443 -> 3996 -> 6264 -> 4176 -> 6174 -> 6174
4205,4205,0245,5,2,5175,5175,7.0,4205 -> 5175 -> 5994 -> 5355 -> 1998 -> 8082 -> 8532 -> 6174 -> 6174
4210,4210,0124,4,1,4086,4086,7.0,4210 -> 4086 -> 8172 -> 7443 -> 3996 -> 6264 -> 4176 -> 6174 -> 6174
4216,4216,1246,5,2,5175,5175,7.0,4216 -> 5175 -> 5994 -> 5355 -> 1998 -> 8082 -> 8532 -> 6174 -> 6174
4227,4227,2247,5,2,5175,5175,7.0,4227 -> 5175 -> 5994 -> 5355 -> 1998 -> 8082 -> 8532 -> 6174 -> 6174
4230,4230,0234,4,1,4086,4086,7.0,4230 -> 4086 -> 8172 -> 7443 -> 3996 -> 6264 -> 4176 -> 6174 -> 6174
4236,4236,2346,4,1,4086,4086,7.0,4236 -> 4086 -> 8172 -> 7443 -> 3996 -> 6264 -> 4176 -> 6174 -> 6174
4237,4237,2347,5,1,5085,5085,7.0,4237 -> 5085 -> 7992 -> 7173 -> 6354 -> 3087 -> 8352 -> 6174 -> 6174
4238,4238,2348,6,1,6084,6084,7.0,4238 -> 6084 -> 8172 -> 7443 -> 3996 -> 6264 -> 4176 -> 6174 -> 6174
4250,4250,0245,5,2,5175,5175,7.0,4250 -> 5175 -> 5994 -> 5355 -> 1998 -> 8082 -> 8532 -> 6174 -> 6174
4256,4256,2456,4,1,4086,4086,7.0,4256 -> 4086 -> 8172 -> 7443 -> 3996 -> 6264 -> 4176 -> 6174 -> 6174
4257,4257,2457,5,1,5085,5085,7.0,4257 -> 5085 -> 7992 -> 7173 -> 6354 -> 3087 -> 8352 -> 6174 -> 6174
4258,4258,2458,6,1,6084,6084,7.0,4258 -> 6084 -> 8172 -> 7443 -> 3996 -> 6264 -> 4176 -> 6174 -> 6174
4261,4261,1246,5,2,5175,5175,7.0,4261 -> 5175 -> 5994 -> 5355 -> 1998 -> 8082 -> 8532 -> 6174 -> 6174
4263,4263,2346,4,1,4086,4086,7.0,4263 -> 4086 -> 8172 -> 7443 -> 3996 -> 6264 -> 4176 -> 6174 -> 6174
4265,4265,2456,4,1,4086,4086,7.0,4265 -> 4086 -> 8172 -> 7443 -> 3996 -> 6264 -> 4176 -> 6174 -> 6174
4267,4267,2467,5,2,5175,5175,7.0,4267 -> 5175 -> 5994 -> 5355 -> 1998 -> 8082 -> 8532 -> 6174 -> 6174
4272,4272,2247,5,2,5175,5175,7.0,4272 -> 5175 -> 5994 -> 5355 -> 1998 -> 8082 -> 8532 -> 6174 -> 6174
4273,4273,2347,5,1,5085,5085,7.0,4273 -> 5085 -> 7992 -> 7173 -> 6354 -> 3087 -> 8352 -> 6174 -> 6174
4275,4275,2457,5,1,5085,5085,7.0,4275 -> 5085 -> 7992 -> 7173 -> 6354 -> 3087 -> 8352 -> 6174 -> 6174
4276,4276,2467,5,2,5175,5175,7.0,4276 -> 5175 -> 5994 -> 5355 -> 1998 -> 8082 -> 8532 -> 6174 -> 6174
4283,4283,2348,6,1,6084,6084,7.0,4283 -> 6084 -> 8172 -> 7443 -> 3996 -> 6264 -> 4176 -> 6174 -> 6174
4285,4285,2458,6,1,6084,6084,7.0,4285 -> 6084 -> 8172 -> 7443 -> 3996 -> 6264 -> 4176 -> 6174 -> 6174
4302,4302,0234,4,1,4086,4086,7.0,4302 -> 4086 -> 8172 -> 7443 -> 3996 -> 6264 -> 4176 -> 6174 -> 6174
4304,4304,0344,4,1,4086,4086,7.0,4304 -> 4086 -> 8172 -> 7443 -> 3996 -> 6264 -> 4176 -> 6174 -> 6174
4305,4305,0345,5,1,5085,5085,7.0,4305 -> 5085 -> 7992 -> 7173 -> 6354 -> 3087 -> 8352 -> 6174 -> 6174
4306,4306,0346,6,1,6084,6084,7.0,4306 -> 6084 -> 8172 -> 7443 -> 3996 -> 6264 -> 4176 -> 6174 -> 6174
4315,4315,1345,4,1,4086,4086,7.0,4315 -> 4086 -> 8172 -> 7443 -> 3996 -> 6264 -> 4176 -> 6174 -> 6174
4316,4316,1346,5,1,5085,5085,7.0,4316 -> 5085 -> 7992 -> 7173 -> 6354 -> 3087 -> 8352 -> 6174 -> 6174
4317,4317,1347,6,1,6084,6084,7.0,4317 -> 6084 -> 8172 -> 7443 -> 3996 -> 6264 -> 4176 -> 6174 -> 6174
4320,4320,0234,4,1,4086,4086,7.0,4320 -> 4086 -> 8172 -> 7443 -> 3996 -> 6264 -> 4176 -> 6174 -> 6174
4326,4326,2346,4,1,4086,4086,7.0,4326 -> 4086 -> 8172 -> 7443 -> 3996 -> 6264 -> 4176 -> 6174 -> 6174
4327,4327,2347,5,1,5085,5085,7.0,4327 -> 5085 -> 7992 -> 7173 -> 6354 -> 3087 -> 8352 -> 6174 -> 6174
4328,4328,2348,6,1,6084,6084,7.0,4328 -> 6084 -> 8172 -> 7443 -> 3996 -> 6264 -> 4176 -> 6174 -> 6174
4337,4337,3347,4,1,4086,4086,7.0,4337 -> 4086 -> 8172 -> 7443 -> 3996 -> 6264 -> 4176 -> 6174 -> 6174
4338,4338,3348,5,1,5085,5085,7.0,4338 -> 5085 -> 7992 -> 7173 -> 6354 -> 3087 -> 8352 -> 6174 -> 6174
4339,4339,3349,6,1,6084,6084,7.0,4339 -> 6084 -> 8172 -> 7443 -> 3996 -> 6264 -> 4176 -> 6174 -> 6174
4340,4340,0344,4,1,4086,4086,7.0,4340 -> 4086 -> 8172 -> 7443 -> 3996 -> 6264 -> 4176 -> 6174 -> 6174
4350,4350,0345,5,1,5085,5085,7.0,4350 -> 5085 -> 7992 -> 7173 -> 6354 -> 3087 -> 8352 -> 6174 -> 6174
4351,4351,1345,4,1,4086,4086,7.0,4351 -> 4086 -> 8172 -> 7443 -> 3996 -> 6264 -> 4176 -> 6174 -> 6174
4357,4357,3457,4,1,4086,4086,7.0,4357 -> 4086 -> 8172 -> 7443 -> 3996 -> 6264 -> 4176 -> 6174 -> 6174
4358,4358,3458,5,1,5085,5085,7.0,4358 -> 5085 -> 7992 -> 7173 -> 6354 -> 3087 -> 8352 -> 6174 -> 6174
4359,4359,3459,6,1,6084,6084,7.0,4359 -> 6084 -> 8172 -> 7443 -> 3996 -> 6264 -> 4176 -> 6174 -> 6174
4360,4360,0346,6,1,6084,6084,7.0,4360 -> 6084 -> 8172 -> 7443 -> 3996 -> 6264 -> 4176 -> 6174 -> 6174
4361,4361,1346,5,1,5085,5085,7.0,4361 -> 5085 -> 7992 -> 7173 -> 6354 -> 3087 -> 8352 -> 6174 -> 6174
4362,4362,2346,4,1,4086,4086,7.0,4362 -> 4086 -> 8172 -> 7443 -> 3996 -> 6264 -> 4176 -> 6174 -> 6174
4368,4368,3468,5,2,5175,5175,7.0,4368 -> 5175 -> 5994 -> 5355 -> 1998 -> 8082 -> 8532 -> 6174 -> 6174
4371,4371,1347,6,1,6084,6084,7.0,4371 -> 6084 -> 8172 -> 7443 -> 3996 -> 6264 -> 4176 -> 6174 -> 6174
4372,4372,2347,5,1,5085,5085,7.0,4372 -> 5085 -> 7992 -> 7173 -> 6354 -> 3087 -> 8352 -> 6174 -> 6174
4373,4373,3347,4,1,4086,4086,7.0,4373 -> 4086 -> 8172 -> 7443 -> 3996 -> 6264 -> 4176 -> 6174 -> 6174
4375,4375,3457,4,1,4086,4086,7.0,4375 -> 4086 -> 8172 -> 7443 -> 3996 -> 6264 -> 4176 -> 6174 -> 6174
4382,4382,2348,6,1,6084,6084,7.0,4382 -> 6084 -> 8172 -> 7443 -> 3996 -> 6264 -> 4176 -> 6174 -> 6174
4383,4383,3348,5,1,5085,5085,7.0,4383 -> 5085 -> 7992 -> 7173 -> 6354 -> 3087 -> 8352 -> 6174 -> 6174
4385,4385,3458,5,1,5085,5085,7.0,4385 -> 5085 -> 7992 -> 7173 -> 6354 -> 3087 -> 8352 -> 6174 -> 6174
4386,4386,3468,5,2,5175,5175,7.0,4386 -> 5175 -> 5994 -> 5355 -> 1998 -> 8082 -> 8532 -> 6174 -> 6174
4393,4393,3349,6,1,6084,6084,7.0,4393 -> 6084 -> 8172 -> 7443 -> 3996 -> 6264 -> 4176 -> 6174 -> 6174
4395,4395,3459,6,1,6084,6084,7.0,4395 -> 6084 -> 8172 -> 7443 -> 3996 -> 6264 -> 4176 -> 6174 -> 6174
4403,4403,0344,4,1,4086,4086,7.0,4403 -> 4086 -> 8172 -> 7443 -> 3996 -> 6264 -> 4176 -> 6174 -> 6174
4430,4430,0344,4,1,4086,4086,7.0,4430 -> 4086 -> 8172 -> 7443 -> 3996 -> 6264 -> 4176 -> 6174 -> 6174
4458,4458,4458,4,1,4086,4086,7.0,4458 -> 4086 -> 8172 -> 7443 -> 3996 -> 6264 -> 4176 -> 6174 -> 6174
4459,4459,4459,5,1,5085,5085,7.0,4459 -> 5085 -> 7992 -> 7173 -> 6354 -> 3087 -> 8352 -> 6174 -> 6174
4469,4469,4469,5,2,5175,5175,7.0,4469 -> 5175 -> 5994 -> 5355 -> 1998 -> 8082 -> 8532 -> 6174 -> 6174
4485,4485,4458,4,1,4086,4086,7.0,4485 -> 4086 -> 8172 -> 7443 -> 3996 -> 6264 -> 4176 -> 6174 -> 6174
4495,4495,4459,5,1,5085,5085,7.0,4495 -> 5085 -> 7992 -> 7173 -> 6354 -> 3087 -> 8352 -> 6174 -> 6174
4496,4496,4469,5,2,5175,5175,7.0,4496 -> 5175 -> 5994 -> 5355 -> 1998 -> 8082 -> 8532 -> 6174 -> 6174
4502,4502,0245,5,2,5175,5175,7.0,4502 -> 5175 -> 5994 -> 5355 -> 1998 -> 8082 -> 8532 -> 6174 -> 6174
4503,4503,0345,5,1,5085,5085,7.0,4503 -> 5085 -> 7992 -> 7173 -> 6354 -> 3087 -> 8352 -> 6174 -> 6174
4505,4505,0455,5,1,5085,5085,7.0,4505 -> 5085 -> 7992 -> 7173 -> 6354 -> 3087 -> 8352 -> 6174 -> 6174
4506,4506,0456,6,1,6084,6084,7.0,4506 -> 6084 -> 8172 -> 7443 -> 3996 -> 6264 -> 4176 -> 6174 -> 6174
4513,4513,1345,4,1,4086,4086,7.0,4513 -> 4086 -> 8172 -> 7443 -> 3996 -> 6264 -> 4176 -> 6174 -> 6174
4515,4515,1455,4,1,4086,4086,7.0,4515 -> 4086 -> 8172 -> 7443 -> 3996 -> 6264 -> 4176 -> 6174 -> 6174
4516,4516,1456,5,1,5085,5085,7.0,4516 -> 5085 -> 7992 -> 7173 -> 6354 -> 3087 -> 8352 -> 6174 -> 6174
4517,4517,1457,6,1,6084,6084,7.0,4517 -> 6084 -> 8172 -> 7443 -> 3996 -> 6264 -> 4176 -> 6174 -> 6174
4520,4520,0245,5,2,5175,5175,7.0,4520 -> 5175 -> 5994 -> 5355 -> 1998 -> 8082 -> 8532 -> 6174 -> 6174
4526,4526,2456,4,1,4086,4086,7.0,4526 -> 4086 -> 8172 -> 7443 -> 3996 -> 6264 -> 4176 -> 6174 -> 6174
4527,4527,2457,5,1,5085,5085,7.0,4527 -> 5085 -> 7992 -> 7173 -> 6354 -> 3087 -> 8352 -> 6174 -> 6174
4528,4528,2458,6,1,6084,6084,7.0,4528 -> 6084 -> 8172 -> 7443 -> 3996 -> 6264 -> 4176 -> 6174 -> 6174
4530,4530,0345,5,1,5085,5085,7.0,4530 -> 5085 -> 7992 -> 7173 -> 6354 -> 3087 -> 8352 -> 6174 -> 6174
4531,4531,1345,4,1,4086,4086,7.0,4531 -> 4086 -> 8172 -> 7443 -> 3996 -> 6264 -> 4176 -> 6174 -> 6174
4537,4537,3457,4,1,4086,4086,7.0,4537 -> 4086 -> 8172 -> 7443 -> 3996 -> 6264 -> 4176 -> 6174 -> 6174
4538,4538,3458,5,1,5085,5085,7.0,4538 -> 5085 -> 7992 -> 7173 -> 6354 -> 3087 -> 8352 -> 6174 -> 6174
4539,4539,3459,6,1,6084,6084,7.0,4539 -> 6084 -> 8172 -> 7443 -> 3996 -> 6264 -> 4176 -> 6174 -> 6174
4548,4548,4458,4,1,4086,4086,7.0,4548 -> 4086 -> 8172 -> 7443 -> 3996 -> 6264 -> 4176 -> 6174 -> 6174
4549,4549,4459,5,1,5085,5085,7.0,4549 -> 5085 -> 7992 -> 7173 -> 6354 -> 3087 -> 8352 -> 6174 -> 6174
4550,4550,0455,5,1,5085,5085,7.0,4550 -> 5085 -> 7992 -> 7173 -> 6354 -> 3087 -> 8352 -> 6174 -> 6174
4551,4551,1455,4,1,4086,4086,7.0,4551 -> 4086 -> 8172 -> 7443 -> 3996 -> 6264 -> 4176 -> 6174 -> 6174
4560,4560,0456,6,1,6084,6084,7.0,4560 -> 6084 -> 8172 -> 7443 -> 3996 -> 6264 -> 4176 -> 6174 -> 6174
4561,4561,1456,5,1,5085,5085,7.0,4561 -> 5085 -> 7992 -> 7173 -> 6354 -> 3087 -> 8352 -> 6174 -> 6174
4562,4562,2456,4,1,4086,4086,7.0,4562 -> 4086 -> 8172 -> 7443 -> 3996 -> 6264 -> 4176 -> 6174 -> 6174
4568,4568,4568,4,1,4086,4086,7.0,4568 -> 4086 -> 8172 -> 7443 -> 3996 -> 6264 -> 4176 -> 6174 -> 6174
4569,4569,4569,5,1,5085,5085,7.0,4569 -> 5085 -> 7992 -> 7173 -> 6354 -> 3087 -> 8352 -> 6174 -> 6174
4571,4571,1457,6,1,6084,6084,7.0,4571 -> 6084 -> 8172 -> 7443 -> 3996 -> 6264 -> 4176 -> 6174 -> 6174
4572,4572,2457,5,1,5085,5085,7.0,4572 -> 5085 -> 7992 -> 7173 -> 6354 -> 3087 -> 8352 -> 6174 -> 6174
4573,4573,3457,4,1,4086,4086,7.0,4573 -> 4086 -> 8172 -> 7443 -> 3996 -> 6264 -> 4176 -> 6174 -> 6174
4579,4579,4579,5,2,5175,5175,7.0,4579 -> 5175 -> 5994 -> 5355 -> 1998 -> 8082 -> 8532 -> 6174 -> 6174
4582,4582,2458,6,1,6084,6084,7.0,4582 -> 6084 -> 8172 -> 7443 -> 3996 -> 6264 -> 4176 -> 6174 -> 6174
4583,4583,3458,5,1,5085,5085,7.0,4583 -> 5085 -> 7992 -> 7173 -> 6354 -> 3087 -> 8352 -> 6174 -> 6174
4584,4584,4458,4,1,4086,4086,7.0,4584 -> 4086 -> 8172 -> 7443 -> 3996 -> 6264 -> 4176 -> 6174 -> 6174
4586,4586,4568,4,1,4086,4086,7.0,4586 -> 4086 -> 8172 -> 7443 -> 3996 -> 6264 -> 4176 -> 6174 -> 6174
4593,4593,3459,6,1,6084,6084,7.0,4593 -> 6084 -> 8172 -> 7443 -> 3996 -> 6264 -> 4176 -> 6174 -> 6174
4594,4594,4459,5,1,5085,5085,7.0,4594 -> 5085 -> 7992 -> 7173 -> 6354 -> 3087 -> 8352 -> 6174 -> 6174
4596,4596,4569,5,1,5085,5085,7.0,4596 -> 5085 -> 7992 -> 7173 -> 6354 -> 3087 -> 8352 -> 6174 -> 6174
4597,4597,4579,5,2,5175,5175,7.0,4597 -> 5175 -> 5994 -> 5355 -> 1998 -> 8082 -> 8532 -> 6174 -> 6174
4603,4603,0346,6,1,6084,6084,7.0,4603 -> 6084 -> 8172 -> 7443 -> 3996 -> 6264 -> 4176 -> 6174 -> 6174
4605,4605,0456,6,1,6084,6084,7.0,4605 -> 6084 -> 8172 -> 7443 -> 3996 -> 6264 -> 4176 -> 6174 -> 6174
4612,4612,1246,5,2,5175,5175,7.0,4612 -> 5175 -> 5994 -> 5355 -> 1998 -> 8082 -> 8532 -> 6174 -> 6174
4613,4613,1346,5,1,5085,5085,7.0,4613 -> 5085 -> 7992 -> 7173 -> 6354 -> 3087 -> 8352 -> 6174 -> 6174
4615,4615,1456,5,1,5085,5085,7.0,4615 -> 5085 -> 7992 -> 7173 -> 6354 -> 3087 -> 8352 -> 6174 -> 6174
4616,4616,1466,5,2,5175,5175,7.0,4616 -> 5175 -> 5994 -> 5355 -> 1998 -> 8082 -> 8532 -> 6174 -> 6174
4621,4621,1246,5,2,5175,5175,7.0,4621 -> 5175 -> 5994 -> 5355 -> 1998 -> 8082 -> 8532 -> 6174 -> 6174
4623,4623,2346,4,1,4086,4086,7.0,4623 -> 4086 -> 8172 -> 7443 -> 3996 -> 6264 -> 4176 -> 6174 -> 6174
4625,4625,2456,4,1,4086,4086,7.0,4625 -> 4086 -> 8172 -> 7443 -> 3996 -> 6264 -> 4176 -> 6174 -> 6174
4627,4627,2467,5,2,5175,5175,7.0,4627 -> 5175 -> 5994 -> 5355 -> 1998 -> 8082 -> 8532 -> 6174 -> 6174
4630,4630,0346,6,1,6084,6084,7.0,4630 -> 6084 -> 8172 -> 7443 -> 3996 -> 6264 -> 4176 -> 6174 -> 6174
4631,4631,1346,5,1,5085,5085,7.0,4631 -> 5085 -> 7992 -> 7173 -> 6354 -> 3087 -> 8352 -> 6174 -> 6174
4632,4632,2346,4,1,4086,4086,7.0,4632 -> 4086 -> 8172 -> 7443 -> 3996 -> 6264 -> 4176 -> 6174 -> 6174
4638,4638,3468,5,2,5175,5175,7.0,4638 -> 5175 -> 5994 -> 5355 -> 1998 -> 8082 -> 8532 -> 6174 -> 6174
4649,4649,4469,5,2,5175,5175,7.0,4649 -> 5175 -> 5994 -> 5355 -> 1998 -> 8082 -> 8532 -> 6174 -> 6174
4650,4650,0456,6,1,6084,6084,7.0,4650 -> 6084 -> 8172 -> 7443 -> 3996 -> 6264 -> 4176 -> 6174 -> 6174
4651,4651,1456,5,1,5085,5085,7.0,4651 -> 5085 -> 7992 -> 7173 -> 6354 -> 3087 -> 8352 -> 6174 -> 6174
4652,4652,2456,4,1,4086,4086,7.0,4652 -> 4086 -> 8172 -> 7443 -> 3996 -> 6264 -> 4176 -> 6174 -> 6174
4658,4658,4568,4,1,4086,4086,7.0,4658 -> 4086 -> 8172 -> 7443 -> 3996 -> 6264 -> 4176 -> 6174 -> 6174
4659,4659,4569,5,1,5085,5085,7.0,4659 -> 5085 -> 7992 -> 7173 -> 6354 -> 3087 -> 8352 -> 6174 -> 6174
4661,4661,1466,5,2,5175,5175,7.0,4661 -> 5175 -> 5994 -> 5355 -> 1998 -> 8082 -> 8532 -> 6174 -> 6174
4672,4672,2467,5,2,5175,5175,7.0,4672 -> 5175 -> 5994 -> 5355 -> 1998 -> 8082 -> 8532 -> 6174 -> 6174
4678,4678,4678,4,1,4086,4086,7.0,4678 -> 4086 -> 8172 -> 7443 -> 3996 -> 6264 -> 4176 -> 6174 -> 6174
4679,4679,4679,5,1,5085,5085,7.0,4679 -> 5085 -> 7992 -> 7173 -> 6354 -> 3087 -> 8352 -> 6174 -> 6174
4683,4683,3468,5,2,5175,5175,7.0,4683 -> 5175 -> 5994 -> 5355 -> 1998 -> 8082 -> 8532 -> 6174 -> 6174
4685,4685,4568,4,1,4086,4086,7.0,4685 -> 4086 -> 8172 -> 7443 -> 3996 -> 6264 -> 4176 -> 6174 -> 6174
4687,4687,4678,4,1,4086,4086,7.0,4687 -> 4086 -> 8172 -> 7443 -> 3996 -> 6264 -> 4176 -> 6174 -> 6174
4689,4689,4689,5,2,5175,5175,7.0,4689 -> 5175 -> 5994 -> 5355 -> 1998 -> 8082 -> 8532 -> 6174 -> 6174
4694,4694,4469,5,2,5175,5175,7.0,4694 -> 5175 -> 5994 -> 5355 -> 1998 -> 8082 -> 8532 -> 6174 -> 6174
4695,4695,4569,5,1,5085,5085,7.0,4695 -> 5085 -> 7992 -> 7173 -> 6354 -> 3087 -> 8352 -> 6174 -> 6174
4697,4697,4679,5,1,5085,5085,7.0,4697 -> 5085 -> 7992 -> 7173 -> 6354 -> 3087 -> 8352 -> 6174 -> 6174
4698,4698,4689,5,2,5175,5175,7.0,4698 -> 5175 -> 5994 -> 5355 -> 1998 -> 8082 -> 8532 -> 6174 -> 6174
4713,4713,1347,6,1,6084,6084,7.0,4713 -> 6084 -> 8172 -> 7443 -> 3996 -> 6264 -> 4176 -> 6174 -> 6174
4715,4715,1457,6,1,6084,6084,7.0,4715 -> 6084 -> 8172 -> 7443 -> 3996 -> 6264 -> 4176 -> 6174 -> 6174
4722,4722,2247,5,2,5175,5175,7.0,4722 -> 5175 -> 5994 -> 5355 -> 1998 -> 8082 -> 8532 -> 6174 -> 6174
4723,4723,2347,5,1,5085,5085,7.0,4723 -> 5085 -> 7992 -> 7173 -> 6354 -> 3087 -> 8352 -> 6174 -> 6174
4725,4725,2457,5,1,5085,5085,7.0,4725 -> 5085 -> 7992 -> 7173 -> 6354 -> 3087 -> 8352 -> 6174 -> 6174
4726,4726,2467,5,2,5175,5175,7.0,4726 -> 5175 -> 5994 -> 5355 -> 1998 -> 8082 -> 8532 -> 6174 -> 6174
4731,4731,1347,6,1,6084,6084,7.0,4731 -> 6084 -> 8172 -> 7443 -> 3996 -> 6264 -> 4176 -> 6174 -> 6174
4732,4732,2347,5,1,5085,5085,7.0,4732 -> 5085 -> 7992 -> 7173 -> 6354 -> 3087 -> 8352 -> 6174 -> 6174
4733,4733,3347,4,1,4086,4086,7.0,4733 -> 4086 -> 8172 -> 7443 -> 3996 -> 6264 -> 4176 -> 6174 -> 6174
4735,4735,3457,4,1,4086,4086,7.0,4735 -> 4086 -> 8172 -> 7443 -> 3996 -> 6264 -> 4176 -> 6174 -> 6174
4751,4751,1457,6,1,6084,6084,7.0,4751 -> 6084 -> 8172 -> 7443 -> 3996 -> 6264 -> 4176 -> 6174 -> 6174
4752,4752,2457,5,1,5085,5085,7.0,4752 -> 5085 -> 7992 -> 7173 -> 6354 -> 3087 -> 8352 -> 6174 -> 6174
4753,4753,3457,4,1,4086,4086,7.0,4753 -> 4086 -> 8172 -> 7443 -> 3996 -> 6264 -> 4176 -> 6174 -> 6174
4759,4759,4579,5,2,5175,5175,7.0,4759 -> 5175 -> 5994 -> 5355 -> 1998 -> 8082 -> 8532 -> 6174 -> 6174
4762,4762,2467,5,2,5175,5175,7.0,4762 -> 5175 -> 5994 -> 5355 -> 1998 -> 8082 -> 8532 -> 6174 -> 6174
4768,4768,4678,4,1,4086,4086,7.0,4768 -> 4086 -> 8172 -> 7443 -> 3996 -> 6264 -> 4176 -> 6174 -> 6174
4769,4769,4679,5,1,5085,5085,7.0,4769 -> 5085 -> 7992 -> 7173 -> 6354 -> 3087 -> 8352 -> 6174 -> 6174
4786,4786,4678,4,1,4086,4086,7.0,4786 -> 4086 -> 8172 -> 7443 -> 3996 -> 6264 -> 4176 -> 6174 -> 6174
4788,4788,4788,4,1,4086,4086,7.0,4788 -> 4086 -> 8172 -> 7443 -> 3996 -> 6264 -> 4176 -> 6174 -> 6174
4789,4789,4789,5,1,5085,5085,7.0,4789 -> 5085 -> 7992 -> 7173 -> 6354 -> 3087 -> 8352 -> 6174 -> 6174
4795,4795,4579,5,2,5175,5175,7.0,4795 -> 5175 -> 5994 -> 5355 -> 1998 -> 8082 -> 8532 -> 6174 -> 6174
4796,4796,4679,5,1,5085,5085,7.0,4796 -> 5085 -> 7992 -> 7173 -> 6354 -> 3087 -> 8352 -> 6174 -> 6174
4798,4798,4789,5,1,5085,5085,7.0,4798 -> 5085 -> 7992 -> 7173 -> 6354 -> 3087 -> 8352 -> 6174 -> 6174
4799,4799,4799,5,2,5175,5175,7.0,4799 -> 5175 -> 5994 -> 5355 -> 1998 -> 8082 -> 8532 -> 6174 -> 6174
4809,4809,0489,9,4,9351,9351,7.0,4809 -> 9351 -> 8172 -> 7443 -> 3996 -> 6264 -> 4176 -> 6174 -> 6174
4823,4823,2348,6,1,6084,6084,7.0,4823 -> 6084 -> 8172 -> 7443 -> 3996 -> 6264 -> 4176 -> 6174 -> 6174
4825,4825,2458,6,1,6084,6084,7.0,4825 -> 6084 -> 8172 -> 7443 -> 3996 -> 6264 -> 4176 -> 6174 -> 6174
4832,4832,2348,6,1,6084,6084,7.0,4832 -> 6084 -> 8172 -> 7443 -> 3996 -> 6264 -> 4176 -> 6174 -> 6174
4833,4833,3348,5,1,5085,5085,7.0,4833 -> 5085 -> 7992 -> 7173 -> 6354 -> 3087 -> 8352 -> 6174 -> 6174
4835,4835,3458,5,1,5085,5085,7.0,4835 -> 5085 -> 7992 -> 7173 -> 6354 -> 3087 -> 8352 -> 6174 -> 6174
4836,4836,3468,5,2,5175,5175,7.0,4836 -> 5175 -> 5994 -> 5355 -> 1998 -> 8082 -> 8532 -> 6174 -> 6174
4845,4845,4458,4,1,4086,4086,7.0,4845 -> 4086 -> 8172 -> 7443 -> 3996 -> 6264 -> 4176 -> 6174 -> 6174
4852,4852,2458,6,1,6084,6084,7.0,4852 -> 6084 -> 8172 -> 7443 -> 3996 -> 6264 -> 4176 -> 6174 -> 6174
4853,4853,3458,5,1,5085,5085,7.0,4853 -> 5085 -> 7992 -> 7173 -> 6354 -> 3087 -> 8352 -> 6174 -> 6174
4854,4854,4458,4,1,4086,4086,7.0,4854 -> 4086 -> 8172 -> 7443 -> 3996 -> 6264 -> 4176 -> 6174 -> 6174
4856,4856,4568,4,1,4086,4086,7.0,4856 -> 4086 -> 8172 -> 7443 -> 3996 -> 6264 -> 4176 -> 6174 -> 6174
4863,4863,3468,5,2,5175,5175,7.0,4863 -> 5175 -> 5994 -> 5355 -> 1998 -> 8082 -> 8532 -> 6174 -> 6174
4865,4865,4568,4,1,4086,4086,7.0,4865 -> 4086 -> 8172 -> 7443 -> 3996 -> 6264 -> 4176 -> 6174 -> 6174
4867,4867,4678,4,1,4086,4086,7.0,4867 -> 4086 -> 8172 -> 7443 -> 3996 -> 6264 -> 4176 -> 6174 -> 6174
4869,4869,4689,5,2,5175,5175,7.0,4869 -> 5175 -> 5994 -> 5355 -> 1998 -> 8082 -> 8532 -> 6174 -> 6174
4876,4876,4678,4,1,4086,4086,7.0,4876 -> 4086 -> 8172 -> 7443 -> 3996 -> 6264 -> 4176 -> 6174 -> 6174
4878,4878,4788,4,1,4086,4086,7.0,4878 -> 4086 -> 8172 -> 7443 -> 3996 -> 6264 -> 4176 -> 6174 -> 6174
4879,4879,4789,5,1,5085,5085,7.0,4879 -> 5085 -> 7992 -> 7173 -> 6354 -> 3087 -> 8352 -> 6174 -> 6174
4887,4887,4788,4,1,4086,4086,7.0,4887 -> 4086 -> 8172 -> 7443 -> 3996 -> 6264 -> 4176 -> 6174 -> 6174
4890,4890,0489,9,4,9351,9351,7.0,4890 -> 9351 -> 8172 -> 7443 -> 3996 -> 6264 -> 4176 -> 6174 -> 6174
4896,4896,4689,5,2,5175,5175,7.0,4896 -> 5175 -> 5994 -> 5355 -> 1998 -> 8082 -> 8532 -> 6174 -> 6174
4897,4897,4789,5,1,5085,5085,7.0,4897 -> 5085 -> 7992 -> 7173 -> 6354 -> 3087 -> 8352 -> 6174 -> 6174
4899,4899,4899,5,1,5085,5085,7.0,4899 -> 5085 -> 7992 -> 7173 -> 6354 -> 3087 -> 8352 -> 6174 -> 6174
4900,4900,0049,9,4,9351,9351,7.0,4900 -> 9351 -> 8172 -> 7443 -> 3996 -> 6264 -> 4176 -> 6174 -> 6174
4908,4908,0489,9,4,9351,9351,7.0,4908 -> 9351 -> 8172 -> 7443 -> 3996 -> 6264 -> 4176 -> 6174 -> 6174
4909,4909,0499,9,5,9441,9441,7.0,4909 -> 9441 -> 7992 -> 7173 -> 6354 -> 3087 -> 8352 -> 6174 -> 6174
4919,4919,1499,8,5,8442,8442,7.0,4919 -> 8442 -> 5994 -> 5355 -> 1998 -> 8082 -> 8532 -> 6174 -> 6174
4933,4933,3349,6,1,6084,6084,7.0,4933 -> 6084 -> 8172 -> 7443 -> 3996 -> 6264 -> 4176 -> 6174 -> 6174
4935,4935,3459,6,1,6084,6084,7.0,4935 -> 6084 -> 8172 -> 7443 -> 3996 -> 6264 -> 4176 -> 6174 -> 6174
4945,4945,4459,5,1,5085,5085,7.0,4945 -> 5085 -> 7992 -> 7173 -> 6354 -> 3087 -> 8352 -> 6174 -> 6174
4946,4946,4469,5,2,5175,5175,7.0,4946 -> 5175 -> 5994 -> 5355 -> 1998 -> 8082 -> 8532 -> 6174 -> 6174
4953,4953,3459,6,1,6084,6084,7.0,4953 -> 6084 -> 8172 -> 7443 -> 3996 -> 6264 -> 4176 -> 6174 -> 6174
4954,4954,4459,5,1,5085,5085,7.0,4954 -> 5085 -> 7992 -> 7173 -> 6354 -> 3087 -> 8352 -> 6174 -> 6174
4956,4956,4569,5,1,5085,5085,7.0,4956 -> 5085 -> 7992 -> 7173 -> 6354 -> 3087 -> 8352 -> 6174 -> 6174
4957,4957,4579,5,2,5175,5175,7.0,4957 -> 5175 -> 5994 -> 5355 -> 1998 -> 8082 -> 8532 -> 6174 -> 6174
4964,4964,4469,5,2,5175,5175,7.0,4964 -> 5175 -> 5994 -> 5355 -> 1998 -> 8082 -> 8532 -> 6174 -> 6174
4965,4965,4569,5,1,5085,5085,7.0,4965 -> 5085 -> 7992 -> 7173 -> 6354 -> 3087 -> 8352 -> 6174 -> 6174
4967,4967,4679,5,1,5085,5085,7.0,4967 -> 5085 -> 7992 -> 7173 -> 6354 -> 3087 -> 8352 -> 6174 -> 6174
4968,4968,4689,5,2,5175,5175,7.0,4968 -> 5175 -> 5994 -> 5355 -> 1998 -> 8082 -> 8532 -> 6174 -> 6174
4975,4975,4579,5,2,5175,5175,7.0,4975 -> 5175 -> 5994 -> 5355 -> 1998 -> 8082 -> 8532 -> 6174 -> 6174
4976,4976,4679,5,1,5085,5085,7.0,4976 -> 5085 -> 7992 -> 7173 -> 6354 -> 3087 -> 8352 -> 6174 -> 6174
4978,4978,4789,5,1,5085,5085,7.0,4978 -> 5085 -> 7992 -> 7173 -> 6354 -> 3087 -> 8352 -> 6174 -> 6174
4979,4979,4799,5,2,5175,5175,7.0,4979 -> 5175 -> 5994 -> 5355 -> 1998 -> 8082 -> 8532 -> 6174 -> 6174
4980,4980,0489,9,4,9351,9351,7.0,4980 -> 9351 -> 8172 -> 7443 -> 3996 -> 6264 -> 4176 -> 6174 -> 6174
4986,4986,4689,5,2,5175,5175,7.0,4986 -> 5175 -> 5994 -> 5355 -> 1998 -> 8082 -> 8532 -> 6174 -> 6174
4987,4987,4789,5,1,5085,5085,7.0,4987 -> 5085 -> 7992 -> 7173 -> 6354 -> 3087 -> 8352 -> 6174 -> 6174
4989,4989,4899,5,1,5085,5085,7.0,4989 -> 5085 -> 7992 -> 7173 -> 6354 -> 3087 -> 8352 -> 6174 -> 6174
4990,4990,0499,9,5,9441,9441,7.0,4990 -> 9441 -> 7992 -> 7173 -> 6354 -> 3087 -> 8352 -> 6174 -> 6174
4991,4991,1499,8,5,8442,8442,7.0,4991 -> 8442 -> 5994 -> 5355 -> 1998 -> 8082 -> 8532 -> 6174 -> 6174
4997,4997,4799,5,2,5175,5175,7.0,4997 -> 5175 -> 5994 -> 5355 -> 1998 -> 8082 -> 8532 -> 6174 -> 6174
4998,4998,4899,5,1,5085,5085,7.0,4998 -> 5085 -> 7992 -> 7173 -> 6354 -> 3087 -> 8352 -> 6174 -> 6174
5001,5001,0015,5,1,5085,5085,7.0,5001 -> 5085 -> 7992 -> 7173 -> 6354 -> 3087 -> 8352 -> 6174 -> 6174
5002,5002,0025,5,2,5175,5175,7.0,5002 -> 5175 -> 5994 -> 5355 -> 1998 -> 8082 -> 8532 -> 6174 -> 6174
5008,5008,0058,8,5,8442,8442,7.0,5008 -> 8442 -> 5994 -> 5355 -> 1998 -> 8082 -> 8532 -> 6174 -> 6174
5009,5009,0059,9,5,9441,9441,7.0,5009 -> 9441 -> 7992 -> 7173 -> 6354 -> 3087 -> 8352 -> 6174 -> 6174
5010,5010,0015,5,1,5085,5085,7.0,5010 -> 5085 -> 7992 -> 7173 -> 6354 -> 3087 -> 8352 -> 6174 -> 6174
5012,5012,0125,5,1,5085,5085,7.0,5012 -> 5085 -> 7992 -> 7173 -> 6354 -> 3087 -> 8352 -> 6174 -> 6174
5013,5013,0135,5,2,5175,5175,7.0,5013 -> 5175 -> 5994 -> 5355 -> 1998 -> 8082 -> 8532 -> 6174 -> 6174
5019,5019,0159,9,4,9351,9351,7.0,5019 -> 9351 -> 8172 -> 7443 -> 3996 -> 6264 -> 4176 -> 6174 -> 6174
5020,5020,0025,5,2,5175,5175,7.0,5020 -> 5175 -> 5994 -> 5355 -> 1998 -> 8082 -> 8532 -> 6174 -> 6174
5021,5021,0125,5,1,5085,5085,7.0,5021 -> 5085 -> 7992 -> 7173 -> 6354 -> 3087 -> 8352 -> 6174 -> 6174
5023,5023,0235,5,1,5085,5085,7.0,5023 -> 5085 -> 7992 -> 7173 -> 6354 -> 3087 -> 8352 -> 6174 -> 6174
5024,5024,0245,5,2,5175,5175,7.0,5024 -> 5175 -> 5994 -> 5355 -> 1998 -> 8082 -> 8532 -> 6174 -> 6174
5031,5031,0135,5,2,5175,5175,7.0,5031 -> 5175 -> 5994 -> 5355 -> 1998 -> 8082 -> 8532 -> 6174 -> 6174
5032,5032,0235,5,1,5085,5085,7.0,5032 -> 5085 -> 7992 -> 7173 -> 6354 -> 3087 -> 8352 -> 6174 -> 6174
5034,5034,0345,5,1,5085,5085,7.0,5034 -> 5085 -> 7992 -> 7173 -> 6354 -> 3087 -> 8352 -> 6174 -> 6174
5035,5035,0355,5,2,5175,5175,7.0,5035 -> 5175 -> 5994 -> 5355 -> 1998 -> 8082 -> 8532 -> 6174 -> 6174
5042,5042,0245,5,2,5175,5175,7.0,5042 -> 5175 -> 5994 -> 5355 -> 1998 -> 8082 -> 8532 -> 6174 -> 6174
5043,5043,0345,5,1,5085,5085,7.0,5043 -> 5085 -> 7992 -> 7173 -> 6354 -> 3087 -> 8352 -> 6174 -> 6174
5045,5045,0455,5,1,5085,5085,7.0,5045 -> 5085 -> 7992 -> 7173 -> 6354 -> 3087 -> 8352 -> 6174 -> 6174
5046,5046,0456,6,1,6084,6084,7.0,5046 -> 6084 -> 8172 -> 7443 -> 3996 -> 6264 -> 4176 -> 6174 -> 6174
5053,5053,0355,5,2,5175,5175,7.0,5053 -> 5175 -> 5994 -> 5355 -> 1998 -> 8082 -> 8532 -> 6174 -> 6174
5054,5054,0455,5,1,5085,5085,7.0,5054 -> 5085 -> 7992 -> 7173 -> 6354 -> 3087 -> 8352 -> 6174 -> 6174
5064,5064,0456,6,1,6084,6084,7.0,5064 -> 6084 -> 8172 -> 7443 -> 3996 -> 6264 -> 4176 -> 6174 -> 6174
5066,5066,0566,6,1,6084,6084,7.0,5066 -> 6084 -> 8172 -> 7443 -> 3996 -> 6264 -> 4176 -> 6174 -> 6174
5080,5080,0058,8,5,8442,8442,7.0,5080 -> 8442 -> 5994 -> 5355 -> 1998 -> 8082 -> 8532 -> 6174 -> 6174
5090,5090,0059,9,5,9441,9441,7.0,5090 -> 9441 -> 7992 -> 7173 -> 6354 -> 3087 -> 8352 -> 6174 -> 6174
5091,5091,0159,9,4,9351,9351,7.0,5091 -> 9351 -> 8172 -> 7443 -> 3996 -> 6264 -> 4176 -> 6174 -> 6174
5099,5099,0599,9,4,9351,9351,7.0,5099 -> 9351 -> 8172 -> 7443 -> 3996 -> 6264 -> 4176 -> 6174 -> 6174
5100,5100,0015,5,1,5085,5085,7.0,5100 -> 5085 -> 7992 -> 7173 -> 6354 -> 3087 -> 8352 -> 6174 -> 6174
5102,5102,0125,5,1,5085,5085,7.0,5102 -> 5085 -> 7992 -> 7173 -> 6354 -> 3087 -> 8352 -> 6174 -> 6174
5103,5103,0135,5,2,5175,5175,7.0,5103 -> 5175 -> 5994 -> 5355 -> 1998 -> 8082 -> 8532 -> 6174 -> 6174
5109,5109,0159,9,4,9351,9351,7.0,5109 -> 9351 -> 8172 -> 7443 -> 3996 -> 6264 -> 4176 -> 6174 -> 6174
5112,5112,1125,4,1,4086,4086,7.0,5112 -> 4086 -> 8172 -> 7443 -> 3996 -> 6264 -> 4176 -> 6174 -> 6174
5120,5120,0125,5,1,5085,5085,7.0,5120 -> 5085 -> 7992 -> 7173 -> 6354 -> 3087 -> 8352 -> 6174 -> 6174
5121,5121,1125,4,1,4086,4086,7.0,5121 -> 4086 -> 8172 -> 7443 -> 3996 -> 6264 -> 4176 -> 6174 -> 6174
5123,5123,1235,4,1,4086,4086,7.0,5123 -> 4086 -> 8172 -> 7443 -> 3996 -> 6264 -> 4176 -> 6174 -> 6174
5130,5130,0135,5,2,5175,5175,7.0,5130 -> 5175 -> 5994 -> 5355 -> 1998 -> 8082 -> 8532 -> 6174 -> 6174
5132,5132,1235,4,1,4086,4086,7.0,5132 -> 4086 -> 8172 -> 7443 -> 3996 -> 6264 -> 4176 -> 6174 -> 6174
5134,5134,1345,4,1,4086,4086,7.0,5134 -> 4086 -> 8172 -> 7443 -> 3996 -> 6264 -> 4176 -> 6174 -> 6174
5136,5136,1356,5,2,5175,5175,7.0,5136 -> 5175 -> 5994 -> 5355 -> 1998 -> 8082 -> 8532 -> 6174 -> 6174
5143,5143,1345,4,1,4086,4086,7.0,5143 -> 4086 -> 8172 -> 7443 -> 3996 -> 6264 -> 4176 -> 6174 -> 6174
5145,5145,1455,4,1,4086,4086,7.0,5145 -> 4086 -> 8172 -> 7443 -> 3996 -> 6264 -> 4176 -> 6174 -> 6174
5146,5146,1456,5,1,5085,5085,7.0,5146 -> 5085 -> 7992 -> 7173 -> 6354 -> 3087 -> 8352 -> 6174 -> 6174
5147,5147,1457,6,1,6084,6084,7.0,5147 -> 6084 -> 8172 -> 7443 -> 3996 -> 6264 -> 4176 -> 6174 -> 6174
5154,5154,1455,4,1,4086,4086,7.0,5154 -> 4086 -> 8172 -> 7443 -> 3996 -> 6264 -> 4176 -> 6174 -> 6174
5163,5163,1356,5,2,5175,5175,7.0,5163 -> 5175 -> 5994 -> 5355 -> 1998 -> 8082 -> 8532 -> 6174 -> 6174
5164,5164,1456,5,1,5085,5085,7.0,5164 -> 5085 -> 7992 -> 7173 -> 6354 -> 3087 -> 8352 -> 6174 -> 6174
5166,5166,1566,5,1,5085,5085,7.0,5166 -> 5085 -> 7992 -> 7173 -> 6354 -> 3087 -> 8352 -> 6174 -> 6174
5167,5167,1567,6,1,6084,6084,7.0,5167 -> 6084 -> 8172 -> 7443 -> 3996 -> 6264 -> 4176 -> 6174 -> 6174
5174,5174,1457,6,1,6084,6084,7.0,5174 -> 6084 -> 8172 -> 7443 -> 3996 -> 6264 -> 4176 -> 6174 -> 6174
5176,5176,1567,6,1,6084,6084,7.0,5176 -> 6084 -> 8172 -> 7443 -> 3996 -> 6264 -> 4176 -> 6174 -> 6174
5190,5190,0159,9,4,9351,9351,7.0,5190 -> 9351 -> 8172 -> 7443 -> 3996 -> 6264 -> 4176 -> 6174 -> 6174
5200,5200,0025,5,2,5175,5175,7.0,5200 -> 5175 -> 5994 -> 5355 -> 1998 -> 8082 -> 8532 -> 6174 -> 6174
5201,5201,0125,5,1,5085,5085,7.0,5201 -> 5085 -> 7992 -> 7173 -> 6354 -> 3087 -> 8352 -> 6174 -> 6174
5203,5203,0235,5,1,5085,5085,7.0,5203 -> 5085 -> 7992 -> 7173 -> 6354 -> 3087 -> 8352 -> 6174 -> 6174
5204,5204,0245,5,2,5175,5175,7.0,5204 -> 5175 -> 5994 -> 5355 -> 1998 -> 8082 -> 8532 -> 6174 -> 6174
5210,5210,0125,5,1,5085,5085,7.0,5210 -> 5085 -> 7992 -> 7173 -> 6354 -> 3087 -> 8352 -> 6174 -> 6174
5211,5211,1125,4,1,4086,4086,7.0,5211 -> 4086 -> 8172 -> 7443 -> 3996 -> 6264 -> 4176 -> 6174 -> 6174
5213,5213,1235,4,1,4086,4086,7.0,5213 -> 4086 -> 8172 -> 7443 -> 3996 -> 6264 -> 4176 -> 6174 -> 6174
5230,5230,0235,5,1,5085,5085,7.0,5230 -> 5085 -> 7992 -> 7173 -> 6354 -> 3087 -> 8352 -> 6174 -> 6174
5231,5231,1235,4,1,4086,4086,7.0,5231 -> 4086 -> 8172 -> 7443 -> 3996 -> 6264 -> 4176 -> 6174 -> 6174
5237,5237,2357,5,2,5175,5175,7.0,5237 -> 5175 -> 5994 -> 5355 -> 1998 -> 8082 -> 8532 -> 6174 -> 6174
5240,5240,0245,5,2,5175,5175,7.0,5240 -> 5175 -> 5994 -> 5355 -> 1998 -> 8082 -> 8532 -> 6174 -> 6174
5246,5246,2456,4,1,4086,4086,7.0,5246 -> 4086 -> 8172 -> 7443 -> 3996 -> 6264 -> 4176 -> 6174 -> 6174
5247,5247,2457,5,1,5085,5085,7.0,5247 -> 5085 -> 7992 -> 7173 -> 6354 -> 3087 -> 8352 -> 6174 -> 6174
5248,5248,2458,6,1,6084,6084,7.0,5248 -> 6084 -> 8172 -> 7443 -> 3996 -> 6264 -> 4176 -> 6174 -> 6174
5264,5264,2456,4,1,4086,4086,7.0,5264 -> 4086 -> 8172 -> 7443 -> 3996 -> 6264 -> 4176 -> 6174 -> 6174
5266,5266,2566,4,1,4086,4086,7.0,5266 -> 4086 -> 8172 -> 7443 -> 3996 -> 6264 -> 4176 -> 6174 -> 6174
5267,5267,2567,5,1,5085,5085,7.0,5267 -> 5085 -> 7992 -> 7173 -> 6354 -> 3087 -> 8352 -> 6174 -> 6174
5268,5268,2568,6,1,6084,6084,7.0,5268 -> 6084 -> 8172 -> 7443 -> 3996 -> 6264 -> 4176 -> 6174 -> 6174
5273,5273,2357,5,2,5175,5175,7.0,5273 -> 5175 -> 5994 -> 5355 -> 1998 -> 8082 -> 8532 -> 6174 -> 6174
5274,5274,2457,5,1,5085,5085,7.0,5274 -> 5085 -> 7992 -> 7173 -> 6354 -> 3087 -> 8352 -> 6174 -> 6174
5276,5276,2567,5,1,5085,5085,7.0,5276 -> 5085 -> 7992 -> 7173 -> 6354 -> 3087 -> 8352 -> 6174 -> 6174
5277,5277,2577,5,2,5175,5175,7.0,5277 -> 5175 -> 5994 -> 5355 -> 1998 -> 8082 -> 8532 -> 6174 -> 6174
5284,5284,2458,6,1,6084,6084,7.0,5284 -> 6084 -> 8172 -> 7443 -> 3996 -> 6264 -> 4176 -> 6174 -> 6174
5286,5286,2568,6,1,6084,6084,7.0,5286 -> 6084 -> 8172 -> 7443 -> 3996 -> 6264 -> 4176 -> 6174 -> 6174
5301,5301,0135,5,2,5175,5175,7.0,5301 -> 5175 -> 5994 -> 5355 -> 1998 -> 8082 -> 8532 -> 6174 -> 6174
5302,5302,0235,5,1,5085,5085,7.0,5302 -> 5085 -> 7992 -> 7173 -> 6354 -> 3087 -> 8352 -> 6174 -> 6174
5304,5304,0345,5,1,5085,5085,7.0,5304 -> 5085 -> 7992 -> 7173 -> 6354 -> 3087 -> 8352 -> 6174 -> 6174
5305,5305,0355,5,2,5175,5175,7.0,5305 -> 5175 -> 5994 -> 5355 -> 1998 -> 8082 -> 8532 -> 6174 -> 6174
5310,5310,0135,5,2,5175,5175,7.0,5310 -> 5175 -> 5994 -> 5355 -> 1998 -> 8082 -> 8532 -> 6174 -> 6174
5312,5312,1235,4,1,4086,4086,7.0,5312 -> 4086 -> 8172 -> 7443 -> 3996 -> 6264 -> 4176 -> 6174 -> 6174
5314,5314,1345,4,1,4086,4086,7.0,5314 -> 4086 -> 8172 -> 7443 -> 3996 -> 6264 -> 4176 -> 6174 -> 6174
5316,5316,1356,5,2,5175,5175,7.0,5316 -> 5175 -> 5994 -> 5355 -> 1998 -> 8082 -> 8532 -> 6174 -> 6174
5320,5320,0235,5,1,5085,5085,7.0,5320 -> 5085 -> 7992 -> 7173 -> 6354 -> 3087 -> 8352 -> 6174 -> 6174
5321,5321,1235,4,1,4086,4086,7.0,5321 -> 4086 -> 8172 -> 7443 -> 3996 -> 6264 -> 4176 -> 6174 -> 6174
5327,5327,2357,5,2,5175,5175,7.0,5327 -> 5175 -> 5994 -> 5355 -> 1998 -> 8082 -> 8532 -> 6174 -> 6174
5338,5338,3358,5,2,5175,5175,7.0,5338 -> 5175 -> 5994 -> 5355 -> 1998 -> 8082 -> 8532 -> 6174 -> 6174
5340,5340,0345,5,1,5085,5085,7.0,5340 -> 5085 -> 7992 -> 7173 -> 6354 -> 3087 -> 8352 -> 6174 -> 6174
5341,5341,1345,4,1,4086,4086,7.0,5341 -> 4086 -> 8172 -> 7443 -> 3996 -> 6264 -> 4176 -> 6174 -> 6174
5347,5347,3457,4,1,4086,4086,7.0,5347 -> 4086 -> 8172 -> 7443 -> 3996 -> 6264 -> 4176 -> 6174 -> 6174
5348,5348,3458,5,1,5085,5085,7.0,5348 -> 5085 -> 7992 -> 7173 -> 6354 -> 3087 -> 8352 -> 6174 -> 6174
5349,5349,3459,6,1,6084,6084,7.0,5349 -> 6084 -> 8172 -> 7443 -> 3996 -> 6264 -> 4176 -> 6174 -> 6174
5350,5350,0355,5,2,5175,5175,7.0,5350 -> 5175 -> 5994 -> 5355 -> 1998 -> 8082 -> 8532 -> 6174 -> 6174
5361,5361,1356,5,2,5175,5175,7.0,5361 -> 5175 -> 5994 -> 5355 -> 1998 -> 8082 -> 8532 -> 6174 -> 6174
5367,5367,3567,4,1,4086,4086,7.0,5367 -> 4086 -> 8172 -> 7443 -> 3996 -> 6264 -> 4176 -> 6174 -> 6174
5368,5368,3568,5,1,5085,5085,7.0,5368 -> 5085 -> 7992 -> 7173 -> 6354 -> 3087 -> 8352 -> 6174 -> 6174
5369,5369,3569,6,1,6084,6084,7.0,5369 -> 6084 -> 8172 -> 7443 -> 3996 -> 6264 -> 4176 -> 6174 -> 6174
5372,5372,2357,5,2,5175,5175,7.0,5372 -> 5175 -> 5994 -> 5355 -> 1998 -> 8082 -> 8532 -> 6174 -> 6174
5374,5374,3457,4,1,4086,4086,7.0,5374 -> 4086 -> 8172 -> 7443 -> 3996 -> 6264 -> 4176 -> 6174 -> 6174
5376,5376,3567,4,1,4086,4086,7.0,5376 -> 4086 -> 8172 -> 7443 -> 3996 -> 6264 -> 4176 -> 6174 -> 6174
5378,5378,3578,5,2,5175,5175,7.0,5378 -> 5175 -> 5994 -> 5355 -> 1998 -> 8082 -> 8532 -> 6174 -> 6174
5383,5383,3358,5,2,5175,5175,7.0,5383 -> 5175 -> 5994 -> 5355 -> 1998 -> 8082 -> 8532 -> 6174 -> 6174
5384,5384,3458,5,1,5085,5085,7.0,5384 -> 5085 -> 7992 -> 7173 -> 6354 -> 3087 -> 8352 -> 6174 -> 6174
5386,5386,3568,5,1,5085,5085,7.0,5386 -> 5085 -> 7992 -> 7173 -> 6354 -> 3087 -> 8352 -> 6174 -> 6174
5387,5387,3578,5,2,5175,5175,7.0,5387 -> 5175 -> 5994 -> 5355 -> 1998 -> 8082 -> 8532 -> 6174 -> 6174
5394,5394,3459,6,1,6084,6084,7.0,5394 -> 6084 -> 8172 -> 7443 -> 3996 -> 6264 -> 4176 -> 6174 -> 6174
5396,5396,3569,6,1,6084,6084,7.0,5396 -> 6084 -> 8172 -> 7443 -> 3996 -> 6264 -> 4176 -> 6174 -> 6174
5402,5402,0245,5,2,5175,5175,7.0,5402 -> 5175 -> 5994 -> 5355 -> 1998 -> 8082 -> 8532 -> 6174 -> 6174
5403,5403,0345,5,1,5085,5085,7.0,5403 -> 5085 -> 7992 -> 7173 -> 6354 -> 3087 -> 8352 -> 6174 -> 6174
5405,5405,0455,5,1,5085,5085,7.0,5405 -> 5085 -> 7992 -> 7173 -> 6354 -> 3087 -> 8352 -> 6174 -> 6174
5406,5406,0456,6,1,6084,6084,7.0,5406 -> 6084 -> 8172 -> 7443 -> 3996 -> 6264 -> 4176 -> 6174 -> 6174
5413,5413,1345,4,1,4086,4086,7.0,5413 -> 4086 -> 8172 -> 7443 -> 3996 -> 6264 -> 4176 -> 6174 -> 6174
5415,5415,1455,4,1,4086,4086,7.0,5415 -> 4086 -> 8172 -> 7443 -> 3996 -> 6264 -> 4176 -> 6174 -> 6174
5416,5416,1456,5,1,5085,5085,7.0,5416 -> 5085 -> 7992 -> 7173 -> 6354 -> 3087 -> 8352 -> 6174 -> 6174
5417,5417,1457,6,1,6084,6084,7.0,5417 -> 6084 -> 8172 -> 7443 -> 3996 -> 6264 -> 4176 -> 6174 -> 6174
5420,5420,0245,5,2,5175,5175,7.0,5420 -> 5175 -> 5994 -> 5355 -> 1998 -> 8082 -> 8532 -> 6174 -> 6174
5426,5426,2456,4,1,4086,4086,7.0,5426 -> 4086 -> 8172 -> 7443 -> 3996 -> 6264 -> 4176 -> 6174 -> 6174
5427,5427,2457,5,1,5085,5085,7.0,5427 -> 5085 -> 7992 -> 7173 -> 6354 -> 3087 -> 8352 -> 6174 -> 6174
5428,5428,2458,6,1,6084,6084,7.0,5428 -> 6084 -> 8172 -> 7443 -> 3996 -> 6264 -> 4176 -> 6174 -> 6174
5430,5430,0345,5,1,5085,5085,7.0,5430 -> 5085 -> 7992 -> 7173 -> 6354 -> 3087 -> 8352 -> 6174 -> 6174
5431,5431,1345,4,1,4086,4086,7.0,5431 -> 4086 -> 8172 -> 7443 -> 3996 -> 6264 -> 4176 -> 6174 -> 6174
5437,5437,3457,4,1,4086,4086,7.0,5437 -> 4086 -> 8172 -> 7443 -> 3996 -> 6264 -> 4176 -> 6174 -> 6174
5438,5438,3458,5,1,5085,5085,7.0,5438 -> 5085 -> 7992 -> 7173 -> 6354 -> 3087 -> 8352 -> 6174 -> 6174
5439,5439,3459,6,1,6084,6084,7.0,5439 -> 6084 -> 8172 -> 7443 -> 3996 -> 6264 -> 4176 -> 6174 -> 6174
5448,5448,4458,4,1,4086,4086,7.0,5448 -> 4086 -> 8172 -> 7443 -> 3996 -> 6264 -> 4176 -> 6174 -> 6174
5449,5449,4459,5,1,5085,5085,7.0,5449 -> 5085 -> 7992 -> 7173 -> 6354 -> 3087 -> 8352 -> 6174 -> 6174
5450,5450,0455,5,1,5085,5085,7.0,5450 -> 5085 -> 7992 -> 7173 -> 6354 -> 3087 -> 8352 -> 6174 -> 6174
5451,5451,1455,4,1,4086,4086,7.0,5451 -> 4086 -> 8172 -> 7443 -> 3996 -> 6264 -> 4176 -> 6174 -> 6174
5460,5460,0456,6,1,6084,6084,7.0,5460 -> 6084 -> 8172 -> 7443 -> 3996 -> 6264 -> 4176 -> 6174 -> 6174
5461,5461,1456,5,1,5085,5085,7.0,5461 -> 5085 -> 7992 -> 7173 -> 6354 -> 3087 -> 8352 -> 6174 -> 6174
5462,5462,2456,4,1,4086,4086,7.0,5462 -> 4086 -> 8172 -> 7443 -> 3996 -> 6264 -> 4176 -> 6174 -> 6174
5468,5468,4568,4,1,4086,4086,7.0,5468 -> 4086 -> 8172 -> 7443 -> 3996 -> 6264 -> 4176 -> 6174 -> 6174
5469,5469,4569,5,1,5085,5085,7.0,5469 -> 5085 -> 7992 -> 7173 -> 6354 -> 3087 -> 8352 -> 6174 -> 6174
5471,5471,1457,6,1,6084,6084,7.0,5471 -> 6084 -> 8172 -> 7443 -> 3996 -> 6264 -> 4176 -> 6174 -> 6174
5472,5472,2457,5,1,5085,5085,7.0,5472 -> 5085 -> 7992 -> 7173 -> 6354 -> 3087 -> 8352 -> 6174 -> 6174
5473,5473,3457,4,1,4086,4086,7.0,5473 -> 4086 -> 8172 -> 7443 -> 3996 -> 6264 -> 4176 -> 6174 -> 6174
5479,5479,4579,5,2,5175,5175,7.0,5479 -> 5175 -> 5994 -> 5355 -> 1998 -> 8082 -> 8532 -> 6174 -> 6174
5482,5482,2458,6,1,6084,6084,7.0,5482 -> 6084 -> 8172 -> 7443 -> 3996 -> 6264 -> 4176 -> 6174 -> 6174
5483,5483,3458,5,1,5085,5085,7.0,5483 -> 5085 -> 7992 -> 7173 -> 6354 -> 3087 -> 8352 -> 6174 -> 6174
5484,5484,4458,4,1,4086,4086,7.0,5484 -> 4086 -> 8172 -> 7443 -> 3996 -> 6264 -> 4176 -> 6174 -> 6174
5486,5486,4568,4,1,4086,4086,7.0,5486 -> 4086 -> 8172 -> 7443 -> 3996 -> 6264 -> 4176 -> 6174 -> 6174
5493,5493,3459,6,1,6084,6084,7.0,5493 -> 6084 -> 8172 -> 7443 -> 3996 -> 6264 -> 4176 -> 6174 -> 6174
5494,5494,4459,5,1,5085,5085,7.0,5494 -> 5085 -> 7992 -> 7173 -> 6354 -> 3087 -> 8352 -> 6174 -> 6174
5496,5496,4569,5,1,5085,5085,7.0,5496 -> 5085 -> 7992 -> 7173 -> 6354 -> 3087 -> 8352 -> 6174 -> 6174
5497,5497,4579,5,2,5175,5175,7.0,5497 -> 5175 -> 5994 -> 5355 -> 1998 -> 8082 -> 8532 -> 6174 -> 6174
5503,5503,0355,5,2,5175,5175,7.0,5503 -> 5175 -> 5994 -> 5355 -> 1998 -> 8082 -> 8532 -> 6174 -> 6174
5504,5504,0455,5,1,5085,5085,7.0,5504 -> 5085 -> 7992 -> 7173 -> 6354 -> 3087 -> 8352 -> 6174 -> 6174
5514,5514,1455,4,1,4086,4086,7.0,5514 -> 4086 -> 8172 -> 7443 -> 3996 -> 6264 -> 4176 -> 6174 -> 6174
5530,5530,0355,5,2,5175,5175,7.0,5530 -> 5175 -> 5994 -> 5355 -> 1998 -> 8082 -> 8532 -> 6174 -> 6174
5540,5540,0455,5,1,5085,5085,7.0,5540 -> 5085 -> 7992 -> 7173 -> 6354 -> 3087 -> 8352 -> 6174 -> 6174
5541,5541,1455,4,1,4086,4086,7.0,5541 -> 4086 -> 8172 -> 7443 -> 3996 -> 6264 -> 4176 -> 6174 -> 6174
5569,5569,5569,4,1,4086,4086,7.0,5569 -> 4086 -> 8172 -> 7443 -> 3996 -> 6264 -> 4176 -> 6174 -> 6174
5596,5596,5569,4,1,4086,4086,7.0,5596 -> 4086 -> 8172 -> 7443 -> 3996 -> 6264 -> 4176 -> 6174 -> 6174
5604,5604,0456,6,1,6084,6084,7.0,5604 -> 6084 -> 8172 -> 7443 -> 3996 -> 6264 -> 4176 -> 6174 -> 6174
5606,5606,0566,6,1,6084,6084,7.0,5606 -> 6084 -> 8172 -> 7443 -> 3996 -> 6264 -> 4176 -> 6174 -> 6174
5613,5613,1356,5,2,5175,5175,7.0,5613 -> 5175 -> 5994 -> 5355 -> 1998 -> 8082 -> 8532 -> 6174 -> 6174
5614,5614,1456,5,1,5085,5085,7.0,5614 -> 5085 -> 7992 -> 7173 -> 6354 -> 3087 -> 8352 -> 6174 -> 6174
5616,5616,1566,5,1,5085,5085,7.0,5616 -> 5085 -> 7992 -> 7173 -> 6354 -> 3087 -> 8352 -> 6174 -> 6174
5617,5617,1567,6,1,6084,6084,7.0,5617 -> 6084 -> 8172 -> 7443 -> 3996 -> 6264 -> 4176 -> 6174 -> 6174
5624,5624,2456,4,1,4086,4086,7.0,5624 -> 4086 -> 8172 -> 7443 -> 3996 -> 6264 -> 4176 -> 6174 -> 6174
5626,5626,2566,4,1,4086,4086,7.0,5626 -> 4086 -> 8172 -> 7443 -> 3996 -> 6264 -> 4176 -> 6174 -> 6174
5627,5627,2567,5,1,5085,5085,7.0,5627 -> 5085 -> 7992 -> 7173 -> 6354 -> 3087 -> 8352 -> 6174 -> 6174
5628,5628,2568,6,1,6084,6084,7.0,5628 -> 6084 -> 8172 -> 7443 -> 3996 -> 6264 -> 4176 -> 6174 -> 6174
5631,5631,1356,5,2,5175,5175,7.0,5631 -> 5175 -> 5994 -> 5355 -> 1998 -> 8082 -> 8532 -> 6174 -> 6174
5637,5637,3567,4,1,4086,4086,7.0,5637 -> 4086 -> 8172 -> 7443 -> 3996 -> 6264 -> 4176 -> 6174 -> 6174
5638,5638,3568,5,1,5085,5085,7.0,5638 -> 5085 -> 7992 -> 7173 -> 6354 -> 3087 -> 8352 -> 6174 -> 6174
5639,5639,3569,6,1,6084,6084,7.0,5639 -> 6084 -> 8172 -> 7443 -> 3996 -> 6264 -> 4176 -> 6174 -> 6174
5640,5640,0456,6,1,6084,6084,7.0,5640 -> 6084 -> 8172 -> 7443 -> 3996 -> 6264 -> 4176 -> 6174 -> 6174
5641,5641,1456,5,1,5085,5085,7.0,5641 -> 5085 -> 7992 -> 7173 -> 6354 -> 3087 -> 8352 -> 6174 -> 6174
5642,5642,2456,4,1,4086,4086,7.0,5642 -> 4086 -> 8172 -> 7443 -> 3996 -> 6264 -> 4176 -> 6174 -> 6174
5648,5648,4568,4,1,4086,4086,7.0,5648 -> 4086 -> 8172 -> 7443 -> 3996 -> 6264 -> 4176 -> 6174 -> 6174
5649,5649,4569,5,1,5085,5085,7.0,5649 -> 5085 -> 7992 -> 7173 -> 6354 -> 3087 -> 8352 -> 6174 -> 6174
5659,5659,5569,4,1,4086,4086,7.0,5659 -> 4086 -> 8172 -> 7443 -> 3996 -> 6264 -> 4176 -> 6174 -> 6174
5660,5660,0566,6,1,6084,6084,7.0,5660 -> 6084 -> 8172 -> 7443 -> 3996 -> 6264 -> 4176 -> 6174 -> 6174
5661,5661,1566,5,1,5085,5085,7.0,5661 -> 5085 -> 7992 -> 7173 -> 6354 -> 3087 -> 8352 -> 6174 -> 6174
5662,5662,2566,4,1,4086,4086,7.0,5662 -> 4086 -> 8172 -> 7443 -> 3996 -> 6264 -> 4176 -> 6174 -> 6174
5671,5671,1567,6,1,6084,6084,7.0,5671 -> 6084 -> 8172 -> 7443 -> 3996 -> 6264 -> 4176 -> 6174 -> 6174
5672,5672,2567,5,1,5085,5085,7.0,5672 -> 5085 -> 7992 -> 7173 -> 6354 -> 3087 -> 8352 -> 6174 -> 6174
5673,5673,3567,4,1,4086,4086,7.0,5673 -> 4086 -> 8172 -> 7443 -> 3996 -> 6264 -> 4176 -> 6174 -> 6174
5679,5679,5679,4,1,4086,4086,7.0,5679 -> 4086 -> 8172 -> 7443 -> 3996 -> 6264 -> 4176 -> 6174 -> 6174
5682,5682,2568,6,1,6084,6084,7.0,5682 -> 6084 -> 8172 -> 7443 -> 3996 -> 6264 -> 4176 -> 6174 -> 6174
5683,5683,3568,5,1,5085,5085,7.0,5683 -> 5085 -> 7992 -> 7173 -> 6354 -> 3087 -> 8352 -> 6174 -> 6174
5684,5684,4568,4,1,4086,4086,7.0,5684 -> 4086 -> 8172 -> 7443 -> 3996 -> 6264 -> 4176 -> 6174 -> 6174
5693,5693,3569,6,1,6084,6084,7.0,5693 -> 6084 -> 8172 -> 7443 -> 3996 -> 6264 -> 4176 -> 6174 -> 6174
5694,5694,4569,5,1,5085,5085,7.0,5694 -> 5085 -> 7992 -> 7173 -> 6354 -> 3087 -> 8352 -> 6174 -> 6174
5695,5695,5569,4,1,4086,4086,7.0,5695 -> 4086 -> 8172 -> 7443 -> 3996 -> 6264 -> 4176 -> 6174 -> 6174
5697,5697,5679,4,1,4086,4086,7.0,5697 -> 4086 -> 8172 -> 7443 -> 3996 -> 6264 -> 4176 -> 6174 -> 6174
5714,5714,1457,6,1,6084,6084,7.0,5714 -> 6084 -> 8172 -> 7443 -> 3996 -> 6264 -> 4176 -> 6174 -> 6174
5716,5716,1567,6,1,6084,6084,7.0,5716 -> 6084 -> 8172 -> 7443 -> 3996 -> 6264 -> 4176 -> 6174 -> 6174
5723,5723,2357,5,2,5175,5175,7.0,5723 -> 5175 -> 5994 -> 5355 -> 1998 -> 8082 -> 8532 -> 6174 -> 6174
5724,5724,2457,5,1,5085,5085,7.0,5724 -> 5085 -> 7992 -> 7173 -> 6354 -> 3087 -> 8352 -> 6174 -> 6174
5726,5726,2567,5,1,5085,5085,7.0,5726 -> 5085 -> 7992 -> 7173 -> 6354 -> 3087 -> 8352 -> 6174 -> 6174
5727,5727,2577,5,2,5175,5175,7.0,5727 -> 5175 -> 5994 -> 5355 -> 1998 -> 8082 -> 8532 -> 6174 -> 6174
5732,5732,2357,5,2,5175,5175,7.0,5732 -> 5175 -> 5994 -> 5355 -> 1998 -> 8082 -> 8532 -> 6174 -> 6174
5734,5734,3457,4,1,4086,4086,7.0,5734 -> 4086 -> 8172 -> 7443 -> 3996 -> 6264 -> 4176 -> 6174 -> 6174
5736,5736,3567,4,1,4086,4086,7.0,5736 -> 4086 -> 8172 -> 7443 -> 3996 -> 6264 -> 4176 -> 6174 -> 6174
5738,5738,3578,5,2,5175,5175,7.0,5738 -> 5175 -> 5994 -> 5355 -> 1998 -> 8082 -> 8532 -> 6174 -> 6174
5741,5741,1457,6,1,6084,6084,7.0,5741 -> 6084 -> 8172 -> 7443 -> 3996 -> 6264 -> 4176 -> 6174 -> 6174
5742,5742,2457,5,1,5085,5085,7.0,5742 -> 5085 -> 7992 -> 7173 -> 6354 -> 3087 -> 8352 -> 6174 -> 6174
5743,5743,3457,4,1,4086,4086,7.0,5743 -> 4086 -> 8172 -> 7443 -> 3996 -> 6264 -> 4176 -> 6174 -> 6174
5749,5749,4579,5,2,5175,5175,7.0,5749 -> 5175 -> 5994 -> 5355 -> 1998 -> 8082 -> 8532 -> 6174 -> 6174
5761,5761,1567,6,1,6084,6084,7.0,5761 -> 6084 -> 8172 -> 7443 -> 3996 -> 6264 -> 4176 -> 6174 -> 6174
5762,5762,2567,5,1,5085,5085,7.0,5762 -> 5085 -> 7992 -> 7173 -> 6354 -> 3087 -> 8352 -> 6174 -> 6174
5763,5763,3567,4,1,4086,4086,7.0,5763 -> 4086 -> 8172 -> 7443 -> 3996 -> 6264 -> 4176 -> 6174 -> 6174
5769,5769,5679,4,1,4086,4086,7.0,5769 -> 4086 -> 8172 -> 7443 -> 3996 -> 6264 -> 4176 -> 6174 -> 6174
5772,5772,2577,5,2,5175,5175,7.0,5772 -> 5175 -> 5994 -> 5355 -> 1998 -> 8082 -> 8532 -> 6174 -> 6174
5783,5783,3578,5,2,5175,5175,7.0,5783 -> 5175 -> 5994 -> 5355 -> 1998 -> 8082 -> 8532 -> 6174 -> 6174
5789,5789,5789,4,1,4086,4086,7.0,5789 -> 4086 -> 8172 -> 7443 -> 3996 -> 6264 -> 4176 -> 6174 -> 6174
5794,5794,4579,5,2,5175,5175,7.0,5794 -> 5175 -> 5994 -> 5355 -> 1998 -> 8082 -> 8532 -> 6174 -> 6174
5796,5796,5679,4,1,4086,4086,7.0,5796 -> 4086 -> 8172 -> 7443 -> 3996 -> 6264 -> 4176 -> 6174 -> 6174
5798,5798,5789,4,1,4086,4086,7.0,5798 -> 4086 -> 8172 -> 7443 -> 3996 -> 6264 -> 4176 -> 6174 -> 6174
5800,5800,0058,8,5,8442,8442,7.0,5800 -> 8442 -> 5994 -> 5355 -> 1998 -> 8082 -> 8532 -> 6174 -> 6174
5824,5824,2458,6,1,6084,6084,7.0,5824 -> 6084 -> 8172 -> 7443 -> 3996 -> 6264 -> 4176 -> 6174 -> 6174
5826,5826,2568,6,1,6084,6084,7.0,5826 -> 6084 -> 8172 -> 7443 -> 3996 -> 6264 -> 4176 -> 6174 -> 6174
5833,5833,3358,5,2,5175,5175,7.0,5833 -> 5175 -> 5994 -> 5355 -> 1998 -> 8082 -> 8532 -> 6174 -> 6174
5834,5834,3458,5,1,5085,5085,7.0,5834 -> 5085 -> 7992 -> 7173 -> 6354 -> 3087 -> 8352 -> 6174 -> 6174
5836,5836,3568,5,1,5085,5085,7.0,5836 -> 5085 -> 7992 -> 7173 -> 6354 -> 3087 -> 8352 -> 6174 -> 6174
5837,5837,3578,5,2,5175,5175,7.0,5837 -> 5175 -> 5994 -> 5355 -> 1998 -> 8082 -> 8532 -> 6174 -> 6174
5842,5842,2458,6,1,6084,6084,7.0,5842 -> 6084 -> 8172 -> 7443 -> 3996 -> 6264 -> 4176 -> 6174 -> 6174
5843,5843,3458,5,1,5085,5085,7.0,5843 -> 5085 -> 7992 -> 7173 -> 6354 -> 3087 -> 8352 -> 6174 -> 6174
5844,5844,4458,4,1,4086,4086,7.0,5844 -> 4086 -> 8172 -> 7443 -> 3996 -> 6264 -> 4176 -> 6174 -> 6174
5846,5846,4568,4,1,4086,4086,7.0,5846 -> 4086 -> 8172 -> 7443 -> 3996 -> 6264 -> 4176 -> 6174 -> 6174
5862,5862,2568,6,1,6084,6084,7.0,5862 -> 6084 -> 8172 -> 7443 -> 3996 -> 6264 -> 4176 -> 6174 -> 6174
5863,5863,3568,5,1,5085,5085,7.0,5863 -> 5085 -> 7992 -> 7173 -> 6354 -> 3087 -> 8352 -> 6174 -> 6174
5864,5864,4568,4,1,4086,4086,7.0,5864 -> 4086 -> 8172 -> 7443 -> 3996 -> 6264 -> 4176 -> 6174 -> 6174
5873,5873,3578,5,2,5175,5175,7.0,5873 -> 5175 -> 5994 -> 5355 -> 1998 -> 8082 -> 8532 -> 6174 -> 6174
5879,5879,5789,4,1,4086,4086,7.0,5879 -> 4086 -> 8172 -> 7443 -> 3996 -> 6264 -> 4176 -> 6174 -> 6174
5897,5897,5789,4,1,4086,4086,7.0,5897 -> 4086 -> 8172 -> 7443 -> 3996 -> 6264 -> 4176 -> 6174 -> 6174
5899,5899,5899,4,1,4086,4086,7.0,5899 -> 4086 -> 8172 -> 7443 -> 3996 -> 6264 -> 4176 -> 6174 -> 6174
5900,5900,0059,9,5,9441,9441,7.0,5900 -> 9441 -> 7992 -> 7173 -> 6354 -> 3087 -> 8352 -> 6174 -> 6174
5901,5901,0159,9,4,9351,9351,7.0,5901 -> 9351 -> 8172 -> 7443 -> 3996 -> 6264 -> 4176 -> 6174 -> 6174
5909,5909,0599,9,4,9351,9351,7.0,5909 -> 9351 -> 8172 -> 7443 -> 3996 -> 6264 -> 4176 -> 6174 -> 6174
5910,5910,0159,9,4,9351,9351,7.0,5910 -> 9351 -> 8172 -> 7443 -> 3996 -> 6264 -> 4176 -> 6174 -> 6174
5934,5934,3459,6,1,6084,6084,7.0,5934 -> 6084 -> 8172 -> 7443 -> 3996 -> 6264 -> 4176 -> 6174 -> 6174
5936,5936,3569,6,1,6084,6084,7.0,5936 -> 6084 -> 8172 -> 7443 -> 3996 -> 6264 -> 4176 -> 6174 -> 6174
5943,5943,3459,6,1,6084,6084,7.0,5943 -> 6084 -> 8172 -> 7443 -> 3996 -> 6264 -> 4176 -> 6174 -> 6174
5944,5944,4459,5,1,5085,5085,7.0,5944 -> 5085 -> 7992 -> 7173 -> 6354 -> 3087 -> 8352 -> 6174 -> 6174
5946,5946,4569,5,1,5085,5085,7.0,5946 -> 5085 -> 7992 -> 7173 -> 6354 -> 3087 -> 8352 -> 6174 -> 6174
5947,5947,4579,5,2,5175,5175,7.0,5947 -> 5175 -> 5994 -> 5355 -> 1998 -> 8082 -> 8532 -> 6174 -> 6174
5956,5956,5569,4,1,4086,4086,7.0,5956 -> 4086 -> 8172 -> 7443 -> 3996 -> 6264 -> 4176 -> 6174 -> 6174
5963,5963,3569,6,1,6084,6084,7.0,5963 -> 6084 -> 8172 -> 7443 -> 3996 -> 6264 -> 4176 -> 6174 -> 6174
5964,5964,4569,5,1,5085,5085,7.0,5964 -> 5085 -> 7992 -> 7173 -> 6354 -> 3087 -> 8352 -> 6174 -> 6174
5965,5965,5569,4,1,4086,4086,7.0,5965 -> 4086 -> 8172 -> 7443 -> 3996 -> 6264 -> 4176 -> 6174 -> 6174
5967,5967,5679,4,1,4086,4086,7.0,5967 -> 4086 -> 8172 -> 7443 -> 3996 -> 6264 -> 4176 -> 6174 -> 6174
5974,5974,4579,5,2,5175,5175,7.0,5974 -> 5175 -> 5994 -> 5355 -> 1998 -> 8082 -> 8532 -> 6174 -> 6174
5976,5976,5679,4,1,4086,4086,7.0,5976 -> 4086 -> 8172 -> 7443 -> 3996 -> 6264 -> 4176 -> 6174 -> 6174
5978,5978,5789,4,1,4086,4086,7.0,5978 -> 4086 -> 8172 -> 7443 -> 3996 -> 6264 -> 4176 -> 6174 -> 6174
5987,5987,5789,4,1,4086,4086,7.0,5987 -> 4086 -> 8172 -> 7443 -> 3996 -> 6264 -> 4176 -> 6174 -> 6174
5989,5989,5899,4,1,4086,4086,7.0,5989 -> 4086 -> 8172 -> 7443 -> 3996 -> 6264 -> 4176 -> 6174 -> 6174
5990,5990,0599,9,4,9351,9351,7.0,5990 -> 9351 -> 8172 -> 7443 -> 3996 -> 6264 -> 4176 -> 6174 -> 6174
5998,5998,5899,4,1,4086,4086,7.0,5998 -> 4086 -> 8172 -> 7443 -> 3996 -> 6264 -> 4176 -> 6174 -> 6174
6001,6001,0016,6,1,6084,6084,7.0,6001 -> 6084 -> 8172 -> 7443 -> 3996 -> 6264 -> 4176 -> 6174 -> 6174
6009,6009,0069,9,6,9531,9531,7.0,6009 -> 9531 -> 8172 -> 7443 -> 3996 -> 6264 -> 4176 -> 6174 -> 6174
6010,6010,0016,6,1,6084,6084,7.0,6010 -> 6084 -> 8172 -> 7443 -> 3996 -> 6264 -> 4176 -> 6174 -> 6174
6012,6012,0126,6,1,6084,6084,7.0,6012 -> 6084 -> 8172 -> 7443 -> 3996 -> 6264 -> 4176 -> 6174 -> 6174
6018,6018,0168,8,5,8442,8442,7.0,6018 -> 8442 -> 5994 -> 5355 -> 1998 -> 8082 -> 8532 -> 6174 -> 6174
6019,6019,0169,9,5,9441,9441,7.0,6019 -> 9441 -> 7992 -> 7173 -> 6354 -> 3087 -> 8352 -> 6174 -> 6174
6021,6021,0126,6,1,6084,6084,7.0,6021 -> 6084 -> 8172 -> 7443 -> 3996 -> 6264 -> 4176 -> 6174 -> 6174
6023,6023,0236,6,1,6084,6084,7.0,6023 -> 6084 -> 8172 -> 7443 -> 3996 -> 6264 -> 4176 -> 6174 -> 6174
6029,6029,0269,9,4,9351,9351,7.0,6029 -> 9351 -> 8172 -> 7443 -> 3996 -> 6264 -> 4176 -> 6174 -> 6174
6032,6032,0236,6,1,6084,6084,7.0,6032 -> 6084 -> 8172 -> 7443 -> 3996 -> 6264 -> 4176 -> 6174 -> 6174
6034,6034,0346,6,1,6084,6084,7.0,6034 -> 6084 -> 8172 -> 7443 -> 3996 -> 6264 -> 4176 -> 6174 -> 6174
6043,6043,0346,6,1,6084,6084,7.0,6043 -> 6084 -> 8172 -> 7443 -> 3996 -> 6264 -> 4176 -> 6174 -> 6174
6045,6045,0456,6,1,6084,6084,7.0,6045 -> 6084 -> 8172 -> 7443 -> 3996 -> 6264 -> 4176 -> 6174 -> 6174
6054,6054,0456,6,1,6084,6084,7.0,6054 -> 6084 -> 8172 -> 7443 -> 3996 -> 6264 -> 4176 -> 6174 -> 6174
6056,6056,0566,6,1,6084,6084,7.0,6056 -> 6084 -> 8172 -> 7443 -> 3996 -> 6264 -> 4176 -> 6174 -> 6174
6065,6065,0566,6,1,6084,6084,7.0,6065 -> 6084 -> 8172 -> 7443 -> 3996 -> 6264 -> 4176 -> 6174 -> 6174
6081,6081,0168,8,5,8442,8442,7.0,6081 -> 8442 -> 5994 -> 5355 -> 1998 -> 8082 -> 8532 -> 6174 -> 6174
6090,6090,0069,9,6,9531,9531,7.0,6090 -> 9531 -> 8172 -> 7443 -> 3996 -> 6264 -> 4176 -> 6174 -> 6174
6091,6091,0169,9,5,9441,9441,7.0,6091 -> 9441 -> 7992 -> 7173 -> 6354 -> 3087 -> 8352 -> 6174 -> 6174
6092,6092,0269,9,4,9351,9351,7.0,6092 -> 9351 -> 8172 -> 7443 -> 3996 -> 6264 -> 4176 -> 6174 -> 6174
6100,6100,0016,6,1,6084,6084,7.0,6100 -> 6084 -> 8172 -> 7443 -> 3996 -> 6264 -> 4176 -> 6174 -> 6174
6102,6102,0126,6,1,6084,6084,7.0,6102 -> 6084 -> 8172 -> 7443 -> 3996 -> 6264 -> 4176 -> 6174 -> 6174
6108,6108,0168,8,5,8442,8442,7.0,6108 -> 8442 -> 5994 -> 5355 -> 1998 -> 8082 -> 8532 -> 6174 -> 6174
6109,6109,0169,9,5,9441,9441,7.0,6109 -> 9441 -> 7992 -> 7173 -> 6354 -> 3087 -> 8352 -> 6174 -> 6174
6112,6112,1126,5,1,5085,5085,7.0,6112 -> 5085 -> 7992 -> 7173 -> 6354 -> 3087 -> 8352 -> 6174 -> 6174
6113,6113,1136,5,2,5175,5175,7.0,6113 -> 5175 -> 5994 -> 5355 -> 1998 -> 8082 -> 8532 -> 6174 -> 6174
6119,6119,1169,8,5,8442,8442,7.0,6119 -> 8442 -> 5994 -> 5355 -> 1998 -> 8082 -> 8532 -> 6174 -> 6174
6120,6120,0126,6,1,6084,6084,7.0,6120 -> 6084 -> 8172 -> 7443 -> 3996 -> 6264 -> 4176 -> 6174 -> 6174
6121,6121,1126,5,1,5085,5085,7.0,6121 -> 5085 -> 7992 -> 7173 -> 6354 -> 3087 -> 8352 -> 6174 -> 6174
6123,6123,1236,5,1,5085,5085,7.0,6123 -> 5085 -> 7992 -> 7173 -> 6354 -> 3087 -> 8352 -> 6174 -> 6174
6124,6124,1246,5,2,5175,5175,7.0,6124 -> 5175 -> 5994 -> 5355 -> 1998 -> 8082 -> 8532 -> 6174 -> 6174
6131,6131,1136,5,2,5175,5175,7.0,6131 -> 5175 -> 5994 -> 5355 -> 1998 -> 8082 -> 8532 -> 6174 -> 6174
6132,6132,1236,5,1,5085,5085,7.0,6132 -> 5085 -> 7992 -> 7173 -> 6354 -> 3087 -> 8352 -> 6174 -> 6174
6134,6134,1346,5,1,5085,5085,7.0,6134 -> 5085 -> 7992 -> 7173 -> 6354 -> 3087 -> 8352 -> 6174 -> 6174
6135,6135,1356,5,2,5175,5175,7.0,6135 -> 5175 -> 5994 -> 5355 -> 1998 -> 8082 -> 8532 -> 6174 -> 6174
6142,6142,1246,5,2,5175,5175,7.0,6142 -> 5175 -> 5994 -> 5355 -> 1998 -> 8082 -> 8532 -> 6174 -> 6174
6143,6143,1346,5,1,5085,5085,7.0,6143 -> 5085 -> 7992 -> 7173 -> 6354 -> 3087 -> 8352 -> 6174 -> 6174
6145,6145,1456,5,1,5085,5085,7.0,6145 -> 5085 -> 7992 -> 7173 -> 6354 -> 3087 -> 8352 -> 6174 -> 6174
6146,6146,1466,5,2,5175,5175,7.0,6146 -> 5175 -> 5994 -> 5355 -> 1998 -> 8082 -> 8532 -> 6174 -> 6174
6153,6153,1356,5,2,5175,5175,7.0,6153 -> 5175 -> 5994 -> 5355 -> 1998 -> 8082 -> 8532 -> 6174 -> 6174
6154,6154,1456,5,1,5085,5085,7.0,6154 -> 5085 -> 7992 -> 7173 -> 6354 -> 3087 -> 8352 -> 6174 -> 6174
6156,6156,1566,5,1,5085,5085,7.0,6156 -> 5085 -> 7992 -> 7173 -> 6354 -> 3087 -> 8352 -> 6174 -> 6174
6157,6157,1567,6,1,6084,6084,7.0,6157 -> 6084 -> 8172 -> 7443 -> 3996 -> 6264 -> 4176 -> 6174 -> 6174
6164,6164,1466,5,2,5175,5175,7.0,6164 -> 5175 -> 5994 -> 5355 -> 1998 -> 8082 -> 8532 -> 6174 -> 6174
6165,6165,1566,5,1,5085,5085,7.0,6165 -> 5085 -> 7992 -> 7173 -> 6354 -> 3087 -> 8352 -> 6174 -> 6174
6175,6175,1567,6,1,6084,6084,7.0,6175 -> 6084 -> 8172 -> 7443 -> 3996 -> 6264 -> 4176 -> 6174 -> 6174
6177,6177,1677,6,1,6084,6084,7.0,6177 -> 6084 -> 8172 -> 7443 -> 3996 -> 6264 -> 4176 -> 6174 -> 6174
6180,6180,0168,8,5,8442,8442,7.0,6180 -> 8442 -> 5994 -> 5355 -> 1998 -> 8082 -> 8532 -> 6174 -> 6174
6190,6190,0169,9,5,9441,9441,7.0,6190 -> 9441 -> 7992 -> 7173 -> 6354 -> 3087 -> 8352 -> 6174 -> 6174
6191,6191,1169,8,5,8442,8442,7.0,6191 -> 8442 -> 5994 -> 5355 -> 1998 -> 8082 -> 8532 -> 6174 -> 6174
6201,6201,0126,6,1,6084,6084,7.0,6201 -> 6084 -> 8172 -> 7443 -> 3996 -> 6264 -> 4176 -> 6174 -> 6174
6203,6203,0236,6,1,6084,6084,7.0,6203 -> 6084 -> 8172 -> 7443 -> 3996 -> 6264 -> 4176 -> 6174 -> 6174
6209,6209,0269,9,4,9351,9351,7.0,6209 -> 9351 -> 8172 -> 7443 -> 3996 -> 6264 -> 4176 -> 6174 -> 6174
6210,6210,0126,6,1,6084,6084,7.0,6210 -> 6084 -> 8172 -> 7443 -> 3996 -> 6264 -> 4176 -> 6174 -> 6174
6211,6211,1126,5,1,5085,5085,7.0,6211 -> 5085 -> 7992 -> 7173 -> 6354 -> 3087 -> 8352 -> 6174 -> 6174
6213,6213,1236,5,1,5085,5085,7.0,6213 -> 5085 -> 7992 -> 7173 -> 6354 -> 3087 -> 8352 -> 6174 -> 6174
6214,6214,1246,5,2,5175,5175,7.0,6214 -> 5175 -> 5994 -> 5355 -> 1998 -> 8082 -> 8532 -> 6174 -> 6174
6223,6223,2236,4,1,4086,4086,7.0,6223 -> 4086 -> 8172 -> 7443 -> 3996 -> 6264 -> 4176 -> 6174 -> 6174
6230,6230,0236,6,1,6084,6084,7.0,6230 -> 6084 -> 8172 -> 7443 -> 3996 -> 6264 -> 4176 -> 6174 -> 6174
6231,6231,1236,5,1,5085,5085,7.0,6231 -> 5085 -> 7992 -> 7173 -> 6354 -> 3087 -> 8352 -> 6174 -> 6174
6232,6232,2236,4,1,4086,4086,7.0,6232 -> 4086 -> 8172 -> 7443 -> 3996 -> 6264 -> 4176 -> 6174 -> 6174
6234,6234,2346,4,1,4086,4086,7.0,6234 -> 4086 -> 8172 -> 7443 -> 3996 -> 6264 -> 4176 -> 6174 -> 6174
6241,6241,1246,5,2,5175,5175,7.0,6241 -> 5175 -> 5994 -> 5355 -> 1998 -> 8082 -> 8532 -> 6174 -> 6174
6243,6243,2346,4,1,4086,4086,7.0,6243 -> 4086 -> 8172 -> 7443 -> 3996 -> 6264 -> 4176 -> 6174 -> 6174
6245,6245,2456,4,1,4086,4086,7.0,6245 -> 4086 -> 8172 -> 7443 -> 3996 -> 6264 -> 4176 -> 6174 -> 6174
6247,6247,2467,5,2,5175,5175,7.0,6247 -> 5175 -> 5994 -> 5355 -> 1998 -> 8082 -> 8532 -> 6174 -> 6174
6254,6254,2456,4,1,4086,4086,7.0,6254 -> 4086 -> 8172 -> 7443 -> 3996 -> 6264 -> 4176 -> 6174 -> 6174
6256,6256,2566,4,1,4086,4086,7.0,6256 -> 4086 -> 8172 -> 7443 -> 3996 -> 6264 -> 4176 -> 6174 -> 6174
6257,6257,2567,5,1,5085,5085,7.0,6257 -> 5085 -> 7992 -> 7173 -> 6354 -> 3087 -> 8352 -> 6174 -> 6174
6258,6258,2568,6,1,6084,6084,7.0,6258 -> 6084 -> 8172 -> 7443 -> 3996 -> 6264 -> 4176 -> 6174 -> 6174
6265,6265,2566,4,1,4086,4086,7.0,6265 -> 4086 -> 8172 -> 7443 -> 3996 -> 6264 -> 4176 -> 6174 -> 6174
6274,6274,2467,5,2,5175,5175,7.0,6274 -> 5175 -> 5994 -> 5355 -> 1998 -> 8082 -> 8532 -> 6174 -> 6174
6275,6275,2567,5,1,5085,5085,7.0,6275 -> 5085 -> 7992 -> 7173 -> 6354 -> 3087 -> 8352 -> 6174 -> 6174
6277,6277,2677,5,1,5085,5085,7.0,6277 -> 5085 -> 7992 -> 7173 -> 6354 -> 3087 -> 8352 -> 6174 -> 6174
6278,6278,2678,6,1,6084,6084,7.0,6278 -> 6084 -> 8172 -> 7443 -> 3996 -> 6264 -> 4176 -> 6174 -> 6174
6285,6285,2568,6,1,6084,6084,7.0,6285 -> 6084 -> 8172 -> 7443 -> 3996 -> 6264 -> 4176 -> 6174 -> 6174
6287,6287,2678,6,1,6084,6084,7.0,6287 -> 6084 -> 8172 -> 7443 -> 3996 -> 6264 -> 4176 -> 6174 -> 6174
6290,6290,0269,9,4,9351,9351,7.0,6290 -> 9351 -> 8172 -> 7443 -> 3996 -> 6264 -> 4176 -> 6174 -> 6174
6302,6302,0236,6,1,6084,6084,7.0,6302 -> 6084 -> 8172 -> 7443 -> 3996 -> 6264 -> 4176 -> 6174 -> 6174
6304,6304,0346,6,1,6084,6084,7.0,6304 -> 6084 -> 8172 -> 7443 -> 3996 -> 6264 -> 4176 -> 6174 -> 6174
6311,6311,1136,5,2,5175,5175,7.0,6311 -> 5175 -> 5994 -> 5355 -> 1998 -> 8082 -> 8532 -> 6174 -> 6174
6312,6312,1236,5,1,5085,5085,7.0,6312 -> 5085 -> 7992 -> 7173 -> 6354 -> 3087 -> 8352 -> 6174 -> 6174
6314,6314,1346,5,1,5085,5085,7.0,6314 -> 5085 -> 7992 -> 7173 -> 6354 -> 3087 -> 8352 -> 6174 -> 6174
6315,6315,1356,5,2,5175,5175,7.0,6315 -> 5175 -> 5994 -> 5355 -> 1998 -> 8082 -> 8532 -> 6174 -> 6174
6320,6320,0236,6,1,6084,6084,7.0,6320 -> 6084 -> 8172 -> 7443 -> 3996 -> 6264 -> 4176 -> 6174 -> 6174
6321,6321,1236,5,1,5085,5085,7.0,6321 -> 5085 -> 7992 -> 7173 -> 6354 -> 3087 -> 8352 -> 6174 -> 6174
6322,6322,2236,4,1,4086,4086,7.0,6322 -> 4086 -> 8172 -> 7443 -> 3996 -> 6264 -> 4176 -> 6174 -> 6174
6324,6324,2346,4,1,4086,4086,7.0,6324 -> 4086 -> 8172 -> 7443 -> 3996 -> 6264 -> 4176 -> 6174 -> 6174
6340,6340,0346,6,1,6084,6084,7.0,6340 -> 6084 -> 8172 -> 7443 -> 3996 -> 6264 -> 4176 -> 6174 -> 6174
6341,6341,1346,5,1,5085,5085,7.0,6341 -> 5085 -> 7992 -> 7173 -> 6354 -> 3087 -> 8352 -> 6174 -> 6174
6342,6342,2346,4,1,4086,4086,7.0,6342 -> 4086 -> 8172 -> 7443 -> 3996 -> 6264 -> 4176 -> 6174 -> 6174
6348,6348,3468,5,2,5175,5175,7.0,6348 -> 5175 -> 5994 -> 5355 -> 1998 -> 8082 -> 8532 -> 6174 -> 6174
6351,6351,1356,5,2,5175,5175,7.0,6351 -> 5175 -> 5994 -> 5355 -> 1998 -> 8082 -> 8532 -> 6174 -> 6174
6357,6357,3567,4,1,4086,4086,7.0,6357 -> 4086 -> 8172 -> 7443 -> 3996 -> 6264 -> 4176 -> 6174 -> 6174
6358,6358,3568,5,1,5085,5085,7.0,6358 -> 5085 -> 7992 -> 7173 -> 6354 -> 3087 -> 8352 -> 6174 -> 6174
6359,6359,3569,6,1,6084,6084,7.0,6359 -> 6084 -> 8172 -> 7443 -> 3996 -> 6264 -> 4176 -> 6174 -> 6174
6375,6375,3567,4,1,4086,4086,7.0,6375 -> 4086 -> 8172 -> 7443 -> 3996 -> 6264 -> 4176 -> 6174 -> 6174
6377,6377,3677,4,1,4086,4086,7.0,6377 -> 4086 -> 8172 -> 7443 -> 3996 -> 6264 -> 4176 -> 6174 -> 6174
6378,6378,3678,5,1,5085,5085,7.0,6378 -> 5085 -> 7992 -> 7173 -> 6354 -> 3087 -> 8352 -> 6174 -> 6174
6379,6379,3679,6,1,6084,6084,7.0,6379 -> 6084 -> 8172 -> 7443 -> 3996 -> 6264 -> 4176 -> 6174 -> 6174
6384,6384,3468,5,2,5175,5175,7.0,6384 -> 5175 -> 5994 -> 5355 -> 1998 -> 8082 -> 8532 -> 6174 -> 6174
6385,6385,3568,5,1,5085,5085,7.0,6385 -> 5085 -> 7992 -> 7173 -> 6354 -> 3087 -> 8352 -> 6174 -> 6174
6387,6387,3678,5,1,5085,5085,7.0,6387 -> 5085 -> 7992 -> 7173 -> 6354 -> 3087 -> 8352 -> 6174 -> 6174
6388,6388,3688,5,2,5175,5175,7.0,6388 -> 5175 -> 5994 -> 5355 -> 1998 -> 8082 -> 8532 -> 6174 -> 6174
6395,6395,3569,6,1,6084,6084,7.0,6395 -> 6084 -> 8172 -> 7443 -> 3996 -> 6264 -> 4176 -> 6174 -> 6174
6397,6397,3679,6,1,6084,6084,7.0,6397 -> 6084 -> 8172 -> 7443 -> 3996 -> 6264 -> 4176 -> 6174 -> 6174
6403,6403,0346,6,1,6084,6084,7.0,6403 -> 6084 -> 8172 -> 7443 -> 3996 -> 6264 -> 4176 -> 6174 -> 6174
6405,6405,0456,6,1,6084,6084,7.0,6405 -> 6084 -> 8172 -> 7443 -> 3996 -> 6264 -> 4176 -> 6174 -> 6174
6412,6412,1246,5,2,5175,5175,7.0,6412 -> 5175 -> 5994 -> 5355 -> 1998 -> 8082 -> 8532 -> 6174 -> 6174
6413,6413,1346,5,1,5085,5085,7.0,6413 -> 5085 -> 7992 -> 7173 -> 6354 -> 3087 -> 8352 -> 6174 -> 6174
6415,6415,1456,5,1,5085,5085,7.0,6415 -> 5085 -> 7992 -> 7173 -> 6354 -> 3087 -> 8352 -> 6174 -> 6174
6416,6416,1466,5,2,5175,5175,7.0,6416 -> 5175 -> 5994 -> 5355 -> 1998 -> 8082 -> 8532 -> 6174 -> 6174
6421,6421,1246,5,2,5175,5175,7.0,6421 -> 5175 -> 5994 -> 5355 -> 1998 -> 8082 -> 8532 -> 6174 -> 6174
6423,6423,2346,4,1,4086,4086,7.0,6423 -> 4086 -> 8172 -> 7443 -> 3996 -> 6264 -> 4176 -> 6174 -> 6174
6425,6425,2456,4,1,4086,4086,7.0,6425 -> 4086 -> 8172 -> 7443 -> 3996 -> 6264 -> 4176 -> 6174 -> 6174
6427,6427,2467,5,2,5175,5175,7.0,6427 -> 5175 -> 5994 -> 5355 -> 1998 -> 8082 -> 8532 -> 6174 -> 6174
6430,6430,0346,6,1,6084,6084,7.0,6430 -> 6084 -> 8172 -> 7443 -> 3996 -> 6264 -> 4176 -> 6174 -> 6174
6431,6431,1346,5,1,5085,5085,7.0,6431 -> 5085 -> 7992 -> 7173 -> 6354 -> 3087 -> 8352 -> 6174 -> 6174
6432,6432,2346,4,1,4086,4086,7.0,6432 -> 4086 -> 8172 -> 7443 -> 3996 -> 6264 -> 4176 -> 6174 -> 6174
6438,6438,3468,5,2,5175,5175,7.0,6438 -> 5175 -> 5994 -> 5355 -> 1998 -> 8082 -> 8532 -> 6174 -> 6174
6449,6449,4469,5,2,5175,5175,7.0,6449 -> 5175 -> 5994 -> 5355 -> 1998 -> 8082 -> 8532 -> 6174 -> 6174
6450,6450,0456,6,1,6084,6084,7.0,6450 -> 6084 -> 8172 -> 7443 -> 3996 -> 6264 -> 4176 -> 6174 -> 6174
6451,6451,1456,5,1,5085,5085,7.0,6451 -> 5085 -> 7992 -> 7173 -> 6354 -> 3087 -> 8352 -> 6174 -> 6174
6452,6452,2456,4,1,4086,4086,7.0,6452 -> 4086 -> 8172 -> 7443 -> 3996 -> 6264 -> 4176 -> 6174 -> 6174
6458,6458,4568,4,1,4086,4086,7.0,6458 -> 4086 -> 8172 -> 7443 -> 3996 -> 6264 -> 4176 -> 6174 -> 6174
6459,6459,4569,5,1,5085,5085,7.0,6459 -> 5085 -> 7992 -> 7173 -> 6354 -> 3087 -> 8352 -> 6174 -> 6174
6461,6461,1466,5,2,5175,5175,7.0,6461 -> 5175 -> 5994 -> 5355 -> 1998 -> 8082 -> 8532 -> 6174 -> 6174
6472,6472,2467,5,2,5175,5175,7.0,6472 -> 5175 -> 5994 -> 5355 -> 1998 -> 8082 -> 8532 -> 6174 -> 6174
6478,6478,4678,4,1,4086,4086,7.0,6478 -> 4086 -> 8172 -> 7443 -> 3996 -> 6264 -> 4176 -> 6174 -> 6174
6479,6479,4679,5,1,5085,5085,7.0,6479 -> 5085 -> 7992 -> 7173 -> 6354 -> 3087 -> 8352 -> 6174 -> 6174
6483,6483,3468,5,2,5175,5175,7.0,6483 -> 5175 -> 5994 -> 5355 -> 1998 -> 8082 -> 8532 -> 6174 -> 6174
6485,6485,4568,4,1,4086,4086,7.0,6485 -> 4086 -> 8172 -> 7443 -> 3996 -> 6264 -> 4176 -> 6174 -> 6174
6487,6487,4678,4,1,4086,4086,7.0,6487 -> 4086 -> 8172 -> 7443 -> 3996 -> 6264 -> 4176 -> 6174 -> 6174
6489,6489,4689,5,2,5175,5175,7.0,6489 -> 5175 -> 5994 -> 5355 -> 1998 -> 8082 -> 8532 -> 6174 -> 6174
6494,6494,4469,5,2,5175,5175,7.0,6494 -> 5175 -> 5994 -> 5355 -> 1998 -> 8082 -> 8532 -> 6174 -> 6174
6495,6495,4569,5,1,5085,5085,7.0,6495 -> 5085 -> 7992 -> 7173 -> 6354 -> 3087 -> 8352 -> 6174 -> 6174
6497,6497,4679,5,1,5085,5085,7.0,6497 -> 5085 -> 7992 -> 7173 -> 6354 -> 3087 -> 8352 -> 6174 -> 6174
6498,6498,4689,5,2,5175,5175,7.0,6498 -> 5175 -> 5994 -> 5355 -> 1998 -> 8082 -> 8532 -> 6174 -> 6174
6504,6504,0456,6,1,6084,6084,7.0,6504 -> 6084 -> 8172 -> 7443 -> 3996 -> 6264 -> 4176 -> 6174 -> 6174
6506,6506,0566,6,1,6084,6084,7.0,6506 -> 6084 -> 8172 -> 7443 -> 3996 -> 6264 -> 4176 -> 6174 -> 6174
6513,6513,1356,5,2,5175,5175,7.0,6513 -> 5175 -> 5994 -> 5355 -> 1998 -> 8082 -> 8532 -> 6174 -> 6174
6514,6514,1456,5,1,5085,5085,7.0,6514 -> 5085 -> 7992 -> 7173 -> 6354 -> 3087 -> 8352 -> 6174 -> 6174
6516,6516,1566,5,1,5085,5085,7.0,6516 -> 5085 -> 7992 -> 7173 -> 6354 -> 3087 -> 8352 -> 6174 -> 6174
6517,6517,1567,6,1,6084,6084,7.0,6517 -> 6084 -> 8172 -> 7443 -> 3996 -> 6264 -> 4176 -> 6174 -> 6174
6524,6524,2456,4,1,4086,4086,7.0,6524 -> 4086 -> 8172 -> 7443 -> 3996 -> 6264 -> 4176 -> 6174 -> 6174
6526,6526,2566,4,1,4086,4086,7.0,6526 -> 4086 -> 8172 -> 7443 -> 3996 -> 6264 -> 4176 -> 6174 -> 6174
6527,6527,2567,5,1,5085,5085,7.0,6527 -> 5085 -> 7992 -> 7173 -> 6354 -> 3087 -> 8352 -> 6174 -> 6174
6528,6528,2568,6,1,6084,6084,7.0,6528 -> 6084 -> 8172 -> 7443 -> 3996 -> 6264 -> 4176 -> 6174 -> 6174
6531,6531,1356,5,2,5175,5175,7.0,6531 -> 5175 -> 5994 -> 5355 -> 1998 -> 8082 -> 8532 -> 6174 -> 6174
6537,6537,3567,4,1,4086,4086,7.0,6537 -> 4086 -> 8172 -> 7443 -> 3996 -> 6264 -> 4176 -> 6174 -> 6174
6538,6538,3568,5,1,5085,5085,7.0,6538 -> 5085 -> 7992 -> 7173 -> 6354 -> 3087 -> 8352 -> 6174 -> 6174
6539,6539,3569,6,1,6084,6084,7.0,6539 -> 6084 -> 8172 -> 7443 -> 3996 -> 6264 -> 4176 -> 6174 -> 6174
6540,6540,0456,6,1,6084,6084,7.0,6540 -> 6084 -> 8172 -> 7443 -> 3996 -> 6264 -> 4176 -> 6174 -> 6174
6541,6541,1456,5,1,5085,5085,7.0,6541 -> 5085 -> 7992 -> 7173 -> 6354 -> 3087 -> 8352 -> 6174 -> 6174
6542,6542,2456,4,1,4086,4086,7.0,6542 -> 4086 -> 8172 -> 7443 -> 3996 -> 6264 -> 4176 -> 6174 -> 6174
6548,6548,4568,4,1,4086,4086,7.0,6548 -> 4086 -> 8172 -> 7443 -> 3996 -> 6264 -> 4176 -> 6174 -> 6174
6549,6549,4569,5,1,5085,5085,7.0,6549 -> 5085 -> 7992 -> 7173 -> 6354 -> 3087 -> 8352 -> 6174 -> 6174
6559,6559,5569,4,1,4086,4086,7.0,6559 -> 4086 -> 8172 -> 7443 -> 3996 -> 6264 -> 4176 -> 6174 -> 6174
6560,6560,0566,6,1,6084,6084,7.0,6560 -> 6084 -> 8172 -> 7443 -> 3996 -> 6264 -> 4176 -> 6174 -> 6174
6561,6561,1566,5,1,5085,5085,7.0,6561 -> 5085 -> 7992 -> 7173 -> 6354 -> 3087 -> 8352 -> 6174 -> 6174
6562,6562,2566,4,1,4086,4086,7.0,6562 -> 4086 -> 8172 -> 7443 -> 3996 -> 6264 -> 4176 -> 6174 -> 6174
6571,6571,1567,6,1,6084,6084,7.0,6571 -> 6084 -> 8172 -> 7443 -> 3996 -> 6264 -> 4176 -> 6174 -> 6174
6572,6572,2567,5,1,5085,5085,7.0,6572 -> 5085 -> 7992 -> 7173 -> 6354 -> 3087 -> 8352 -> 6174 -> 6174
6573,6573,3567,4,1,4086,4086,7.0,6573 -> 4086 -> 8172 -> 7443 -> 3996 -> 6264 -> 4176 -> 6174 -> 6174
6579,6579,5679,4,1,4086,4086,7.0,6579 -> 4086 -> 8172 -> 7443 -> 3996 -> 6264 -> 4176 -> 6174 -> 6174
6582,6582,2568,6,1,6084,6084,7.0,6582 -> 6084 -> 8172 -> 7443 -> 3996 -> 6264 -> 4176 -> 6174 -> 6174
6583,6583,3568,5,1,5085,5085,7.0,6583 -> 5085 -> 7992 -> 7173 -> 6354 -> 3087 -> 8352 -> 6174 -> 6174
6584,6584,4568,4,1,4086,4086,7.0,6584 -> 4086 -> 8172 -> 7443 -> 3996 -> 6264 -> 4176 -> 6174 -> 6174
6593,6593,3569,6,1,6084,6084,7.0,6593 -> 6084 -> 8172 -> 7443 -> 3996 -> 6264 -> 4176 -> 6174 -> 6174
6594,6594,4569,5,1,5085,5085,7.0,6594 -> 5085 -> 7992 -> 7173 -> 6354 -> 3087 -> 8352 -> 6174 -> 6174
6595,6595,5569,4,1,4086,4086,7.0,6595 -> 4086 -> 8172 -> 7443 -> 3996 -> 6264 -> 4176 -> 6174 -> 6174
6597,6597,5679,4,1,4086,4086,7.0,6597 -> 4086 -> 8172 -> 7443 -> 3996 -> 6264 -> 4176 -> 6174 -> 6174
6605,6605,0566,6,1,6084,6084,7.0,6605 -> 6084 -> 8172 -> 7443 -> 3996 -> 6264 -> 4176 -> 6174 -> 6174
6614,6614,1466,5,2,5175,5175,7.0,6614 -> 5175 -> 5994 -> 5355 -> 1998 -> 8082 -> 8532 -> 6174 -> 6174
6615,6615,1566,5,1,5085,5085,7.0,6615 -> 5085 -> 7992 -> 7173 -> 6354 -> 3087 -> 8352 -> 6174 -> 6174
6625,6625,2566,4,1,4086,4086,7.0,6625 -> 4086 -> 8172 -> 7443 -> 3996 -> 6264 -> 4176 -> 6174 -> 6174
6641,6641,1466,5,2,5175,5175,7.0,6641 -> 5175 -> 5994 -> 5355 -> 1998 -> 8082 -> 8532 -> 6174 -> 6174
6650,6650,0566,6,1,6084,6084,7.0,6650 -> 6084 -> 8172 -> 7443 -> 3996 -> 6264 -> 4176 -> 6174 -> 6174
6651,6651,1566,5,1,5085,5085,7.0,6651 -> 5085 -> 7992 -> 7173 -> 6354 -> 3087 -> 8352 -> 6174 -> 6174
6652,6652,2566,4,1,4086,4086,7.0,6652 -> 4086 -> 8172 -> 7443 -> 3996 -> 6264 -> 4176 -> 6174 -> 6174
6715,6715,1567,6,1,6084,6084,7.0,6715 -> 6084 -> 8172 -> 7443 -> 3996 -> 6264 -> 4176 -> 6174 -> 6174
6717,6717,1677,6,1,6084,6084,7.0,6717 -> 6084 -> 8172 -> 7443 -> 3996 -> 6264 -> 4176 -> 6174 -> 6174
6724,6724,2467,5,2,5175,5175,7.0,6724 -> 5175 -> 5994 -> 5355 -> 1998 -> 8082 -> 8532 -> 6174 -> 6174
6725,6725,2567,5,1,5085,5085,7.0,6725 -> 5085 -> 7992 -> 7173 -> 6354 -> 3087 -> 8352 -> 6174 -> 6174
6727,6727,2677,5,1,5085,5085,7.0,6727 -> 5085 -> 7992 -> 7173 -> 6354 -> 3087 -> 8352 -> 6174 -> 6174
6728,6728,2678,6,1,6084,6084,7.0,6728 -> 6084 -> 8172 -> 7443 -> 3996 -> 6264 -> 4176 -> 6174 -> 6174
6735,6735,3567,4,1,4086,4086,7.0,6735 -> 4086 -> 8172 -> 7443 -> 3996 -> 6264 -> 4176 -> 6174 -> 6174
6737,6737,3677,4,1,4086,4086,7.0,6737 -> 4086 -> 8172 -> 7443 -> 3996 -> 6264 -> 4176 -> 6174 -> 6174
6738,6738,3678,5,1,5085,5085,7.0,6738 -> 5085 -> 7992 -> 7173 -> 6354 -> 3087 -> 8352 -> 6174 -> 6174
6739,6739,3679,6,1,6084,6084,7.0,6739 -> 6084 -> 8172 -> 7443 -> 3996 -> 6264 -> 4176 -> 6174 -> 6174
6742,6742,2467,5,2,5175,5175,7.0,6742 -> 5175 -> 5994 -> 5355 -> 1998 -> 8082 -> 8532 -> 6174 -> 6174
6748,6748,4678,4,1,4086,4086,7.0,6748 -> 4086 -> 8172 -> 7443 -> 3996 -> 6264 -> 4176 -> 6174 -> 6174
6749,6749,4679,5,1,5085,5085,7.0,6749 -> 5085 -> 7992 -> 7173 -> 6354 -> 3087 -> 8352 -> 6174 -> 6174
6751,6751,1567,6,1,6084,6084,7.0,6751 -> 6084 -> 8172 -> 7443 -> 3996 -> 6264 -> 4176 -> 6174 -> 6174
6752,6752,2567,5,1,5085,5085,7.0,6752 -> 5085 -> 7992 -> 7173 -> 6354 -> 3087 -> 8352 -> 6174 -> 6174
6753,6753,3567,4,1,4086,4086,7.0,6753 -> 4086 -> 8172 -> 7443 -> 3996 -> 6264 -> 4176 -> 6174 -> 6174
6759,6759,5679,4,1,4086,4086,7.0,6759 -> 4086 -> 8172 -> 7443 -> 3996 -> 6264 -> 4176 -> 6174 -> 6174
6771,6771,1677,6,1,6084,6084,7.0,6771 -> 6084 -> 8172 -> 7443 -> 3996 -> 6264 -> 4176 -> 6174 -> 6174
6772,6772,2677,5,1,5085,5085,7.0,6772 -> 5085 -> 7992 -> 7173 -> 6354 -> 3087 -> 8352 -> 6174 -> 6174
6773,6773,3677,4,1,4086,4086,7.0,6773 -> 4086 -> 8172 -> 7443 -> 3996 -> 6264 -> 4176 -> 6174 -> 6174
6782,6782,2678,6,1,6084,6084,7.0,6782 -> 6084 -> 8172 -> 7443 -> 3996 -> 6264 -> 4176 -> 6174 -> 6174
6783,6783,3678,5,1,5085,5085,7.0,6783 -> 5085 -> 7992 -> 7173 -> 6354 -> 3087 -> 8352 -> 6174 -> 6174
6784,6784,4678,4,1,4086,4086,7.0,6784 -> 4086 -> 8172 -> 7443 -> 3996 -> 6264 -> 4176 -> 6174 -> 6174
6793,6793,3679,6,1,6084,6084,7.0,6793 -> 6084 -> 8172 -> 7443 -> 3996 -> 6264 -> 4176 -> 6174 -> 6174
6794,6794,4679,5,1,5085,5085,7.0,6794 -> 5085 -> 7992 -> 7173 -> 6354 -> 3087 -> 8352 -> 6174 -> 6174
6795,6795,5679,4,1,4086,4086,7.0,6795 -> 4086 -> 8172 -> 7443 -> 3996 -> 6264 -> 4176 -> 6174 -> 6174
6801,6801,0168,8,5,8442,8442,7.0,6801 -> 8442 -> 5994 -> 5355 -> 1998 -> 8082 -> 8532 -> 6174 -> 6174
6810,6810,0168,8,5,8442,8442,7.0,6810 -> 8442 -> 5994 -> 5355 -> 1998 -> 8082 -> 8532 -> 6174 -> 6174
6825,6825,2568,6,1,6084,6084,7.0,6825 -> 6084 -> 8172 -> 7443 -> 3996 -> 6264 -> 4176 -> 6174 -> 6174
6827,6827,2678,6,1,6084,6084,7.0,6827 -> 6084 -> 8172 -> 7443 -> 3996 -> 6264 -> 4176 -> 6174 -> 6174
6834,6834,3468,5,2,5175,5175,7.0,6834 -> 5175 -> 5994 -> 5355 -> 1998 -> 8082 -> 8532 -> 6174 -> 6174
6835,6835,3568,5,1,5085,5085,7.0,6835 -> 5085 -> 7992 -> 7173 -> 6354 -> 3087 -> 8352 -> 6174 -> 6174
6837,6837,3678,5,1,5085,5085,7.0,6837 -> 5085 -> 7992 -> 7173 -> 6354 -> 3087 -> 8352 -> 6174 -> 6174
6838,6838,3688,5,2,5175,5175,7.0,6838 -> 5175 -> 5994 -> 5355 -> 1998 -> 8082 -> 8532 -> 6174 -> 6174
6843,6843,3468,5,2,5175,5175,7.0,6843 -> 5175 -> 5994 -> 5355 -> 1998 -> 8082 -> 8532 -> 6174 -> 6174
6845,6845,4568,4,1,4086,4086,7.0,6845 -> 4086 -> 8172 -> 7443 -> 3996 -> 6264 -> 4176 -> 6174 -> 6174
6847,6847,4678,4,1,4086,4086,7.0,6847 -> 4086 -> 8172 -> 7443 -> 3996 -> 6264 -> 4176 -> 6174 -> 6174
6849,6849,4689,5,2,5175,5175,7.0,6849 -> 5175 -> 5994 -> 5355 -> 1998 -> 8082 -> 8532 -> 6174 -> 6174
6852,6852,2568,6,1,6084,6084,7.0,6852 -> 6084 -> 8172 -> 7443 -> 3996 -> 6264 -> 4176 -> 6174 -> 6174
6853,6853,3568,5,1,5085,5085,7.0,6853 -> 5085 -> 7992 -> 7173 -> 6354 -> 3087 -> 8352 -> 6174 -> 6174
6854,6854,4568,4,1,4086,4086,7.0,6854 -> 4086 -> 8172 -> 7443 -> 3996 -> 6264 -> 4176 -> 6174 -> 6174
6872,6872,2678,6,1,6084,6084,7.0,6872 -> 6084 -> 8172 -> 7443 -> 3996 -> 6264 -> 4176 -> 6174 -> 6174
6873,6873,3678,5,1,5085,5085,7.0,6873 -> 5085 -> 7992 -> 7173 -> 6354 -> 3087 -> 8352 -> 6174 -> 6174
6874,6874,4678,4,1,4086,4086,7.0,6874 -> 4086 -> 8172 -> 7443 -> 3996 -> 6264 -> 4176 -> 6174 -> 6174
6883,6883,3688,5,2,5175,5175,7.0,6883 -> 5175 -> 5994 -> 5355 -> 1998 -> 8082 -> 8532 -> 6174 -> 6174
6894,6894,4689,5,2,5175,5175,7.0,6894 -> 5175 -> 5994 -> 5355 -> 1998 -> 8082 -> 8532 -> 6174 -> 6174
6900,6900,0069,9,6,9531,9531,7.0,6900 -> 9531 -> 8172 -> 7443 -> 3996 -> 6264 -> 4176 -> 6174 -> 6174
6901,6901,0169,9,5,9441,9441,7.0,6901 -> 9441 -> 7992 -> 7173 -> 6354 -> 3087 -> 8352 -> 6174 -> 6174
6902,6902,0269,9,4,9351,9351,7.0,6902 -> 9351 -> 8172 -> 7443 -> 3996 -> 6264 -> 4176 -> 6174 -> 6174
6910,6910,0169,9,5,9441,9441,7.0,6910 -> 9441 -> 7992 -> 7173 -> 6354 -> 3087 -> 8352 -> 6174 -> 6174
6911,6911,1169,8,5,8442,8442,7.0,6911 -> 8442 -> 5994 -> 5355 -> 1998 -> 8082 -> 8532 -> 6174 -> 6174
6920,6920,0269,9,4,9351,9351,7.0,6920 -> 9351 -> 8172 -> 7443 -> 3996 -> 6264 -> 4176 -> 6174 -> 6174
6935,6935,3569,6,1,6084,6084,7.0,6935 -> 6084 -> 8172 -> 7443 -> 3996 -> 6264 -> 4176 -> 6174 -> 6174
6937,6937,3679,6,1,6084,6084,7.0,6937 -> 6084 -> 8172 -> 7443 -> 3996 -> 6264 -> 4176 -> 6174 -> 6174
6944,6944,4469,5,2,5175,5175,7.0,6944 -> 5175 -> 5994 -> 5355 -> 1998 -> 8082 -> 8532 -> 6174 -> 6174
6945,6945,4569,5,1,5085,5085,7.0,6945 -> 5085 -> 7992 -> 7173 -> 6354 -> 3087 -> 8352 -> 6174 -> 6174
6947,6947,4679,5,1,5085,5085,7.0,6947 -> 5085 -> 7992 -> 7173 -> 6354 -> 3087 -> 8352 -> 6174 -> 6174
6948,6948,4689,5,2,5175,5175,7.0,6948 -> 5175 -> 5994 -> 5355 -> 1998 -> 8082 -> 8532 -> 6174 -> 6174
6953,6953,3569,6,1,6084,6084,7.0,6953 -> 6084 -> 8172 -> 7443 -> 3996 -> 6264 -> 4176 -> 6174 -> 6174
6954,6954,4569,5,1,5085,5085,7.0,6954 -> 5085 -> 7992 -> 7173 -> 6354 -> 3087 -> 8352 -> 6174 -> 6174
6955,6955,5569,4,1,4086,4086,7.0,6955 -> 4086 -> 8172 -> 7443 -> 3996 -> 6264 -> 4176 -> 6174 -> 6174
6957,6957,5679,4,1,4086,4086,7.0,6957 -> 4086 -> 8172 -> 7443 -> 3996 -> 6264 -> 4176 -> 6174 -> 6174
6973,6973,3679,6,1,6084,6084,7.0,6973 -> 6084 -> 8172 -> 7443 -> 3996 -> 6264 -> 4176 -> 6174 -> 6174
6974,6974,4679,5,1,5085,5085,7.0,6974 -> 5085 -> 7992 -> 7173 -> 6354 -> 3087 -> 8352 -> 6174 -> 6174
6975,6975,5679,4,1,4086,4086,7.0,6975 -> 4086 -> 8172 -> 7443 -> 3996 -> 6264 -> 4176 -> 6174 -> 6174
6984,6984,4689,5,2,5175,5175,7.0,6984 -> 5175 -> 5994 -> 5355 -> 1998 -> 8082 -> 8532 -> 6174 -> 6174
7019,7019,0179,9,6,9531,9531,7.0,7019 -> 9531 -> 8172 -> 7443 -> 3996 -> 6264 -> 4176 -> 6174 -> 6174
7028,7028,0278,8,5,8442,8442,7.0,7028 -> 8442 -> 5994 -> 5355 -> 1998 -> 8082 -> 8532 -> 6174 -> 6174
7029,7029,0279,9,5,9441,9441,7.0,7029 -> 9441 -> 7992 -> 7173 -> 6354 -> 3087 -> 8352 -> 6174 -> 6174
7039,7039,0379,9,4,9351,9351,7.0,7039 -> 9351 -> 8172 -> 7443 -> 3996 -> 6264 -> 4176 -> 6174 -> 6174
7082,7082,0278,8,5,8442,8442,7.0,7082 -> 8442 -> 5994 -> 5355 -> 1998 -> 8082 -> 8532 -> 6174 -> 6174
7091,7091,0179,9,6,9531,9531,7.0,7091 -> 9531 -> 8172 -> 7443 -> 3996 -> 6264 -> 4176 -> 6174 -> 6174
7092,7092,0279,9,5,9441,9441,7.0,7092 -> 9441 -> 7992 -> 7173 -> 6354 -> 3087 -> 8352 -> 6174 -> 6174
7093,7093,0379,9,4,9351,9351,7.0,7093 -> 9351 -> 8172 -> 7443 -> 3996 -> 6264 -> 4176 -> 6174 -> 6174
7109,7109,0179,9,6,9531,9531,7.0,7109 -> 9531 -> 8172 -> 7443 -> 3996 -> 6264 -> 4176 -> 6174 -> 6174
7112,7112,1127,6,1,6084,6084,7.0,7112 -> 6084 -> 8172 -> 7443 -> 3996 -> 6264 -> 4176 -> 6174 -> 6174
7121,7121,1127,6,1,6084,6084,7.0,7121 -> 6084 -> 8172 -> 7443 -> 3996 -> 6264 -> 4176 -> 6174 -> 6174
7123,7123,1237,6,1,6084,6084,7.0,7123 -> 6084 -> 8172 -> 7443 -> 3996 -> 6264 -> 4176 -> 6174 -> 6174
7129,7129,1279,8,5,8442,8442,7.0,7129 -> 8442 -> 5994 -> 5355 -> 1998 -> 8082 -> 8532 -> 6174 -> 6174
7132,7132,1237,6,1,6084,6084,7.0,7132 -> 6084 -> 8172 -> 7443 -> 3996 -> 6264 -> 4176 -> 6174 -> 6174
7134,7134,1347,6,1,6084,6084,7.0,7134 -> 6084 -> 8172 -> 7443 -> 3996 -> 6264 -> 4176 -> 6174 -> 6174
7143,7143,1347,6,1,6084,6084,7.0,7143 -> 6084 -> 8172 -> 7443 -> 3996 -> 6264 -> 4176 -> 6174 -> 6174
7145,7145,1457,6,1,6084,6084,7.0,7145 -> 6084 -> 8172 -> 7443 -> 3996 -> 6264 -> 4176 -> 6174 -> 6174
7154,7154,1457,6,1,6084,6084,7.0,7154 -> 6084 -> 8172 -> 7443 -> 3996 -> 6264 -> 4176 -> 6174 -> 6174
7156,7156,1567,6,1,6084,6084,7.0,7156 -> 6084 -> 8172 -> 7443 -> 3996 -> 6264 -> 4176 -> 6174 -> 6174
7165,7165,1567,6,1,6084,6084,7.0,7165 -> 6084 -> 8172 -> 7443 -> 3996 -> 6264 -> 4176 -> 6174 -> 6174
7167,7167,1677,6,1,6084,6084,7.0,7167 -> 6084 -> 8172 -> 7443 -> 3996 -> 6264 -> 4176 -> 6174 -> 6174
7176,7176,1677,6,1,6084,6084,7.0,7176 -> 6084 -> 8172 -> 7443 -> 3996 -> 6264 -> 4176 -> 6174 -> 6174
7190,7190,0179,9,6,9531,9531,7.0,7190 -> 9531 -> 8172 -> 7443 -> 3996 -> 6264 -> 4176 -> 6174 -> 6174
7192,7192,1279,8,5,8442,8442,7.0,7192 -> 8442 -> 5994 -> 5355 -> 1998 -> 8082 -> 8532 -> 6174 -> 6174
7208,7208,0278,8,5,8442,8442,7.0,7208 -> 8442 -> 5994 -> 5355 -> 1998 -> 8082 -> 8532 -> 6174 -> 6174
7209,7209,0279,9,5,9441,9441,7.0,7209 -> 9441 -> 7992 -> 7173 -> 6354 -> 3087 -> 8352 -> 6174 -> 6174
7211,7211,1127,6,1,6084,6084,7.0,7211 -> 6084 -> 8172 -> 7443 -> 3996 -> 6264 -> 4176 -> 6174 -> 6174
7213,7213,1237,6,1,6084,6084,7.0,7213 -> 6084 -> 8172 -> 7443 -> 3996 -> 6264 -> 4176 -> 6174 -> 6174
7219,7219,1279,8,5,8442,8442,7.0,7219 -> 8442 -> 5994 -> 5355 -> 1998 -> 8082 -> 8532 -> 6174 -> 6174
7223,7223,2237,5,1,5085,5085,7.0,7223 -> 5085 -> 7992 -> 7173 -> 6354 -> 3087 -> 8352 -> 6174 -> 6174
7224,7224,2247,5,2,5175,5175,7.0,7224 -> 5175 -> 5994 -> 5355 -> 1998 -> 8082 -> 8532 -> 6174 -> 6174
7231,7231,1237,6,1,6084,6084,7.0,7231 -> 6084 -> 8172 -> 7443 -> 3996 -> 6264 -> 4176 -> 6174 -> 6174
7232,7232,2237,5,1,5085,5085,7.0,7232 -> 5085 -> 7992 -> 7173 -> 6354 -> 3087 -> 8352 -> 6174 -> 6174
7234,7234,2347,5,1,5085,5085,7.0,7234 -> 5085 -> 7992 -> 7173 -> 6354 -> 3087 -> 8352 -> 6174 -> 6174
7235,7235,2357,5,2,5175,5175,7.0,7235 -> 5175 -> 5994 -> 5355 -> 1998 -> 8082 -> 8532 -> 6174 -> 6174
7242,7242,2247,5,2,5175,5175,7.0,7242 -> 5175 -> 5994 -> 5355 -> 1998 -> 8082 -> 8532 -> 6174 -> 6174
7243,7243,2347,5,1,5085,5085,7.0,7243 -> 5085 -> 7992 -> 7173 -> 6354 -> 3087 -> 8352 -> 6174 -> 6174
7245,7245,2457,5,1,5085,5085,7.0,7245 -> 5085 -> 7992 -> 7173 -> 6354 -> 3087 -> 8352 -> 6174 -> 6174
7246,7246,2467,5,2,5175,5175,7.0,7246 -> 5175 -> 5994 -> 5355 -> 1998 -> 8082 -> 8532 -> 6174 -> 6174
7253,7253,2357,5,2,5175,5175,7.0,7253 -> 5175 -> 5994 -> 5355 -> 1998 -> 8082 -> 8532 -> 6174 -> 6174
7254,7254,2457,5,1,5085,5085,7.0,7254 -> 5085 -> 7992 -> 7173 -> 6354 -> 3087 -> 8352 -> 6174 -> 6174
7256,7256,2567,5,1,5085,5085,7.0,7256 -> 5085 -> 7992 -> 7173 -> 6354 -> 3087 -> 8352 -> 6174 -> 6174
7257,7257,2577,5,2,5175,5175,7.0,7257 -> 5175 -> 5994 -> 5355 -> 1998 -> 8082 -> 8532 -> 6174 -> 6174
7264,7264,2467,5,2,5175,5175,7.0,7264 -> 5175 -> 5994 -> 5355 -> 1998 -> 8082 -> 8532 -> 6174 -> 6174
7265,7265,2567,5,1,5085,5085,7.0,7265 -> 5085 -> 7992 -> 7173 -> 6354 -> 3087 -> 8352 -> 6174 -> 6174
7267,7267,2677,5,1,5085,5085,7.0,7267 -> 5085 -> 7992 -> 7173 -> 6354 -> 3087 -> 8352 -> 6174 -> 6174
7268,7268,2678,6,1,6084,6084,7.0,7268 -> 6084 -> 8172 -> 7443 -> 3996 -> 6264 -> 4176 -> 6174 -> 6174
7275,7275,2577,5,2,5175,5175,7.0,7275 -> 5175 -> 5994 -> 5355 -> 1998 -> 8082 -> 8532 -> 6174 -> 6174
7276,7276,2677,5,1,5085,5085,7.0,7276 -> 5085 -> 7992 -> 7173 -> 6354 -> 3087 -> 8352 -> 6174 -> 6174
7280,7280,0278,8,5,8442,8442,7.0,7280 -> 8442 -> 5994 -> 5355 -> 1998 -> 8082 -> 8532 -> 6174 -> 6174
7286,7286,2678,6,1,6084,6084,7.0,7286 -> 6084 -> 8172 -> 7443 -> 3996 -> 6264 -> 4176 -> 6174 -> 6174
7288,7288,2788,6,1,6084,6084,7.0,7288 -> 6084 -> 8172 -> 7443 -> 3996 -> 6264 -> 4176 -> 6174 -> 6174
7290,7290,0279,9,5,9441,9441,7.0,7290 -> 9441 -> 7992 -> 7173 -> 6354 -> 3087 -> 8352 -> 6174 -> 6174
7291,7291,1279,8,5,8442,8442,7.0,7291 -> 8442 -> 5994 -> 5355 -> 1998 -> 8082 -> 8532 -> 6174 -> 6174
7309,7309,0379,9,4,9351,9351,7.0,7309 -> 9351 -> 8172 -> 7443 -> 3996 -> 6264 -> 4176 -> 6174 -> 6174
7312,7312,1237,6,1,6084,6084,7.0,7312 -> 6084 -> 8172 -> 7443 -> 3996 -> 6264 -> 4176 -> 6174 -> 6174
7314,7314,1347,6,1,6084,6084,7.0,7314 -> 6084 -> 8172 -> 7443 -> 3996 -> 6264 -> 4176 -> 6174 -> 6174
7321,7321,1237,6,1,6084,6084,7.0,7321 -> 6084 -> 8172 -> 7443 -> 3996 -> 6264 -> 4176 -> 6174 -> 6174
7322,7322,2237,5,1,5085,5085,7.0,7322 -> 5085 -> 7992 -> 7173 -> 6354 -> 3087 -> 8352 -> 6174 -> 6174
7324,7324,2347,5,1,5085,5085,7.0,7324 -> 5085 -> 7992 -> 7173 -> 6354 -> 3087 -> 8352 -> 6174 -> 6174
7325,7325,2357,5,2,5175,5175,7.0,7325 -> 5175 -> 5994 -> 5355 -> 1998 -> 8082 -> 8532 -> 6174 -> 6174
7334,7334,3347,4,1,4086,4086,7.0,7334 -> 4086 -> 8172 -> 7443 -> 3996 -> 6264 -> 4176 -> 6174 -> 6174
7341,7341,1347,6,1,6084,6084,7.0,7341 -> 6084 -> 8172 -> 7443 -> 3996 -> 6264 -> 4176 -> 6174 -> 6174
7342,7342,2347,5,1,5085,5085,7.0,7342 -> 5085 -> 7992 -> 7173 -> 6354 -> 3087 -> 8352 -> 6174 -> 6174
7343,7343,3347,4,1,4086,4086,7.0,7343 -> 4086 -> 8172 -> 7443 -> 3996 -> 6264 -> 4176 -> 6174 -> 6174
7345,7345,3457,4,1,4086,4086,7.0,7345 -> 4086 -> 8172 -> 7443 -> 3996 -> 6264 -> 4176 -> 6174 -> 6174
7352,7352,2357,5,2,5175,5175,7.0,7352 -> 5175 -> 5994 -> 5355 -> 1998 -> 8082 -> 8532 -> 6174 -> 6174
7354,7354,3457,4,1,4086,4086,7.0,7354 -> 4086 -> 8172 -> 7443 -> 3996 -> 6264 -> 4176 -> 6174 -> 6174
7356,7356,3567,4,1,4086,4086,7.0,7356 -> 4086 -> 8172 -> 7443 -> 3996 -> 6264 -> 4176 -> 6174 -> 6174
7358,7358,3578,5,2,5175,5175,7.0,7358 -> 5175 -> 5994 -> 5355 -> 1998 -> 8082 -> 8532 -> 6174 -> 6174
7365,7365,3567,4,1,4086,4086,7.0,7365 -> 4086 -> 8172 -> 7443 -> 3996 -> 6264 -> 4176 -> 6174 -> 6174
7367,7367,3677,4,1,4086,4086,7.0,7367 -> 4086 -> 8172 -> 7443 -> 3996 -> 6264 -> 4176 -> 6174 -> 6174
7368,7368,3678,5,1,5085,5085,7.0,7368 -> 5085 -> 7992 -> 7173 -> 6354 -> 3087 -> 8352 -> 6174 -> 6174
7369,7369,3679,6,1,6084,6084,7.0,7369 -> 6084 -> 8172 -> 7443 -> 3996 -> 6264 -> 4176 -> 6174 -> 6174
7376,7376,3677,4,1,4086,4086,7.0,7376 -> 4086 -> 8172 -> 7443 -> 3996 -> 6264 -> 4176 -> 6174 -> 6174
7385,7385,3578,5,2,5175,5175,7.0,7385 -> 5175 -> 5994 -> 5355 -> 1998 -> 8082 -> 8532 -> 6174 -> 6174
7386,7386,3678,5,1,5085,5085,7.0,7386 -> 5085 -> 7992 -> 7173 -> 6354 -> 3087 -> 8352 -> 6174 -> 6174
7388,7388,3788,5,1,5085,5085,7.0,7388 -> 5085 -> 7992 -> 7173 -> 6354 -> 3087 -> 8352 -> 6174 -> 6174
7389,7389,3789,6,1,6084,6084,7.0,7389 -> 6084 -> 8172 -> 7443 -> 3996 -> 6264 -> 4176 -> 6174 -> 6174
7390,7390,0379,9,4,9351,9351,7.0,7390 -> 9351 -> 8172 -> 7443 -> 3996 -> 6264 -> 4176 -> 6174 -> 6174
7396,7396,3679,6,1,6084,6084,7.0,7396 -> 6084 -> 8172 -> 7443 -> 3996 -> 6264 -> 4176 -> 6174 -> 6174
7398,7398,3789,6,1,6084,6084,7.0,7398 -> 6084 -> 8172 -> 7443 -> 3996 -> 6264 -> 4176 -> 6174 -> 6174
7413,7413,1347,6,1,6084,6084,7.0,7413 -> 6084 -> 8172 -> 7443 -> 3996 -> 6264 -> 4176 -> 6174 -> 6174
7415,7415,1457,6,1,6084,6084,7.0,7415 -> 6084 -> 8172 -> 7443 -> 3996 -> 6264 -> 4176 -> 6174 -> 6174
7422,7422,2247,5,2,5175,5175,7.0,7422 -> 5175 -> 5994 -> 5355 -> 1998 -> 8082 -> 8532 -> 6174 -> 6174
7423,7423,2347,5,1,5085,5085,7.0,7423 -> 5085 -> 7992 -> 7173 -> 6354 -> 3087 -> 8352 -> 6174 -> 6174
7425,7425,2457,5,1,5085,5085,7.0,7425 -> 5085 -> 7992 -> 7173 -> 6354 -> 3087 -> 8352 -> 6174 -> 6174
7426,7426,2467,5,2,5175,5175,7.0,7426 -> 5175 -> 5994 -> 5355 -> 1998 -> 8082 -> 8532 -> 6174 -> 6174
7431,7431,1347,6,1,6084,6084,7.0,7431 -> 6084 -> 8172 -> 7443 -> 3996 -> 6264 -> 4176 -> 6174 -> 6174
7432,7432,2347,5,1,5085,5085,7.0,7432 -> 5085 -> 7992 -> 7173 -> 6354 -> 3087 -> 8352 -> 6174 -> 6174
7433,7433,3347,4,1,4086,4086,7.0,7433 -> 4086 -> 8172 -> 7443 -> 3996 -> 6264 -> 4176 -> 6174 -> 6174
7435,7435,3457,4,1,4086,4086,7.0,7435 -> 4086 -> 8172 -> 7443 -> 3996 -> 6264 -> 4176 -> 6174 -> 6174
7451,7451,1457,6,1,6084,6084,7.0,7451 -> 6084 -> 8172 -> 7443 -> 3996 -> 6264 -> 4176 -> 6174 -> 6174
7452,7452,2457,5,1,5085,5085,7.0,7452 -> 5085 -> 7992 -> 7173 -> 6354 -> 3087 -> 8352 -> 6174 -> 6174
7453,7453,3457,4,1,4086,4086,7.0,7453 -> 4086 -> 8172 -> 7443 -> 3996 -> 6264 -> 4176 -> 6174 -> 6174
7459,7459,4579,5,2,5175,5175,7.0,7459 -> 5175 -> 5994 -> 5355 -> 1998 -> 8082 -> 8532 -> 6174 -> 6174
7462,7462,2467,5,2,5175,5175,7.0,7462 -> 5175 -> 5994 -> 5355 -> 1998 -> 8082 -> 8532 -> 6174 -> 6174
7468,7468,4678,4,1,4086,4086,7.0,7468 -> 4086 -> 8172 -> 7443 -> 3996 -> 6264 -> 4176 -> 6174 -> 6174
7469,7469,4679,5,1,5085,5085,7.0,7469 -> 5085 -> 7992 -> 7173 -> 6354 -> 3087 -> 8352 -> 6174 -> 6174
7486,7486,4678,4,1,4086,4086,7.0,7486 -> 4086 -> 8172 -> 7443 -> 3996 -> 6264 -> 4176 -> 6174 -> 6174
7488,7488,4788,4,1,4086,4086,7.0,7488 -> 4086 -> 8172 -> 7443 -> 3996 -> 6264 -> 4176 -> 6174 -> 6174
7489,7489,4789,5,1,5085,5085,7.0,7489 -> 5085 -> 7992 -> 7173 -> 6354 -> 3087 -> 8352 -> 6174 -> 6174
7495,7495,4579,5,2,5175,5175,7.0,7495 -> 5175 -> 5994 -> 5355 -> 1998 -> 8082 -> 8532 -> 6174 -> 6174
7496,7496,4679,5,1,5085,5085,7.0,7496 -> 5085 -> 7992 -> 7173 -> 6354 -> 3087 -> 8352 -> 6174 -> 6174
7498,7498,4789,5,1,5085,5085,7.0,7498 -> 5085 -> 7992 -> 7173 -> 6354 -> 3087 -> 8352 -> 6174 -> 6174
7499,7499,4799,5,2,5175,5175,7.0,7499 -> 5175 -> 5994 -> 5355 -> 1998 -> 8082 -> 8532 -> 6174 -> 6174
7514,7514,1457,6,1,6084,6084,7.0,7514 -> 6084 -> 8172 -> 7443 -> 3996 -> 6264 -> 4176 -> 6174 -> 6174
7516,7516,1567,6,1,6084,6084,7.0,7516 -> 6084 -> 8172 -> 7443 -> 3996 -> 6264 -> 4176 -> 6174 -> 6174
7523,7523,2357,5,2,5175,5175,7.0,7523 -> 5175 -> 5994 -> 5355 -> 1998 -> 8082 -> 8532 -> 6174 -> 6174
7524,7524,2457,5,1,5085,5085,7.0,7524 -> 5085 -> 7992 -> 7173 -> 6354 -> 3087 -> 8352 -> 6174 -> 6174
7526,7526,2567,5,1,5085,5085,7.0,7526 -> 5085 -> 7992 -> 7173 -> 6354 -> 3087 -> 8352 -> 6174 -> 6174
7527,7527,2577,5,2,5175,5175,7.0,7527 -> 5175 -> 5994 -> 5355 -> 1998 -> 8082 -> 8532 -> 6174 -> 6174
7532,7532,2357,5,2,5175,5175,7.0,7532 -> 5175 -> 5994 -> 5355 -> 1998 -> 8082 -> 8532 -> 6174 -> 6174
7534,7534,3457,4,1,4086,4086,7.0,7534 -> 4086 -> 8172 -> 7443 -> 3996 -> 6264 -> 4176 -> 6174 -> 6174
7536,7536,3567,4,1,4086,4086,7.0,7536 -> 4086 -> 8172 -> 7443 -> 3996 -> 6264 -> 4176 -> 6174 -> 6174
7538,7538,3578,5,2,5175,5175,7.0,7538 -> 5175 -> 5994 -> 5355 -> 1998 -> 8082 -> 8532 -> 6174 -> 6174
7541,7541,1457,6,1,6084,6084,7.0,7541 -> 6084 -> 8172 -> 7443 -> 3996 -> 6264 -> 4176 -> 6174 -> 6174
7542,7542,2457,5,1,5085,5085,7.0,7542 -> 5085 -> 7992 -> 7173 -> 6354 -> 3087 -> 8352 -> 6174 -> 6174
7543,7543,3457,4,1,4086,4086,7.0,7543 -> 4086 -> 8172 -> 7443 -> 3996 -> 6264 -> 4176 -> 6174 -> 6174
7549,7549,4579,5,2,5175,5175,7.0,7549 -> 5175 -> 5994 -> 5355 -> 1998 -> 8082 -> 8532 -> 6174 -> 6174
7561,7561,1567,6,1,6084,6084,7.0,7561 -> 6084 -> 8172 -> 7443 -> 3996 -> 6264 -> 4176 -> 6174 -> 6174
7562,7562,2567,5,1,5085,5085,7.0,7562 -> 5085 -> 7992 -> 7173 -> 6354 -> 3087 -> 8352 -> 6174 -> 6174
7563,7563,3567,4,1,4086,4086,7.0,7563 -> 4086 -> 8172 -> 7443 -> 3996 -> 6264 -> 4176 -> 6174 -> 6174
7569,7569,5679,4,1,4086,4086,7.0,7569 -> 4086 -> 8172 -> 7443 -> 3996 -> 6264 -> 4176 -> 6174 -> 6174
7572,7572,2577,5,2,5175,5175,7.0,7572 -> 5175 -> 5994 -> 5355 -> 1998 -> 8082 -> 8532 -> 6174 -> 6174
7583,7583,3578,5,2,5175,5175,7.0,7583 -> 5175 -> 5994 -> 5355 -> 1998 -> 8082 -> 8532 -> 6174 -> 6174
7589,7589,5789,4,1,4086,4086,7.0,7589 -> 4086 -> 8172 -> 7443 -> 3996 -> 6264 -> 4176 -> 6174 -> 6174
7594,7594,4579,5,2,5175,5175,7.0,7594 -> 5175 -> 5994 -> 5355 -> 1998 -> 8082 -> 8532 -> 6174 -> 6174
7596,7596,5679,4,1,4086,4086,7.0,7596 -> 4086 -> 8172 -> 7443 -> 3996 -> 6264 -> 4176 -> 6174 -> 6174
7598,7598,5789,4,1,4086,4086,7.0,7598 -> 4086 -> 8172 -> 7443 -> 3996 -> 6264 -> 4176 -> 6174 -> 6174
7615,7615,1567,6,1,6084,6084,7.0,7615 -> 6084 -> 8172 -> 7443 -> 3996 -> 6264 -> 4176 -> 6174 -> 6174
7617,7617,1677,6,1,6084,6084,7.0,7617 -> 6084 -> 8172 -> 7443 -> 3996 -> 6264 -> 4176 -> 6174 -> 6174
7624,7624,2467,5,2,5175,5175,7.0,7624 -> 5175 -> 5994 -> 5355 -> 1998 -> 8082 -> 8532 -> 6174 -> 6174
7625,7625,2567,5,1,5085,5085,7.0,7625 -> 5085 -> 7992 -> 7173 -> 6354 -> 3087 -> 8352 -> 6174 -> 6174
7627,7627,2677,5,1,5085,5085,7.0,7627 -> 5085 -> 7992 -> 7173 -> 6354 -> 3087 -> 8352 -> 6174 -> 6174
7628,7628,2678,6,1,6084,6084,7.0,7628 -> 6084 -> 8172 -> 7443 -> 3996 -> 6264 -> 4176 -> 6174 -> 6174
7635,7635,3567,4,1,4086,4086,7.0,7635 -> 4086 -> 8172 -> 7443 -> 3996 -> 6264 -> 4176 -> 6174 -> 6174
7637,7637,3677,4,1,4086,4086,7.0,7637 -> 4086 -> 8172 -> 7443 -> 3996 -> 6264 -> 4176 -> 6174 -> 6174
7638,7638,3678,5,1,5085,5085,7.0,7638 -> 5085 -> 7992 -> 7173 -> 6354 -> 3087 -> 8352 -> 6174 -> 6174
7639,7639,3679,6,1,6084,6084,7.0,7639 -> 6084 -> 8172 -> 7443 -> 3996 -> 6264 -> 4176 -> 6174 -> 6174
7642,7642,2467,5,2,5175,5175,7.0,7642 -> 5175 -> 5994 -> 5355 -> 1998 -> 8082 -> 8532 -> 6174 -> 6174
7648,7648,4678,4,1,4086,4086,7.0,7648 -> 4086 -> 8172 -> 7443 -> 3996 -> 6264 -> 4176 -> 6174 -> 6174
7649,7649,4679,5,1,5085,5085,7.0,7649 -> 5085 -> 7992 -> 7173 -> 6354 -> 3087 -> 8352 -> 6174 -> 6174
7651,7651,1567,6,1,6084,6084,7.0,7651 -> 6084 -> 8172 -> 7443 -> 3996 -> 6264 -> 4176 -> 6174 -> 6174
7652,7652,2567,5,1,5085,5085,7.0,7652 -> 5085 -> 7992 -> 7173 -> 6354 -> 3087 -> 8352 -> 6174 -> 6174
7653,7653,3567,4,1,4086,4086,7.0,7653 -> 4086 -> 8172 -> 7443 -> 3996 -> 6264 -> 4176 -> 6174 -> 6174
7659,7659,5679,4,1,4086,4086,7.0,7659 -> 4086 -> 8172 -> 7443 -> 3996 -> 6264 -> 4176 -> 6174 -> 6174
7671,7671,1677,6,1,6084,6084,7.0,7671 -> 6084 -> 8172 -> 7443 -> 3996 -> 6264 -> 4176 -> 6174 -> 6174
7672,7672,2677,5,1,5085,5085,7.0,7672 -> 5085 -> 7992 -> 7173 -> 6354 -> 3087 -> 8352 -> 6174 -> 6174
7673,7673,3677,4,1,4086,4086,7.0,7673 -> 4086 -> 8172 -> 7443 -> 3996 -> 6264 -> 4176 -> 6174 -> 6174
7682,7682,2678,6,1,6084,6084,7.0,7682 -> 6084 -> 8172 -> 7443 -> 3996 -> 6264 -> 4176 -> 6174 -> 6174
7683,7683,3678,5,1,5085,5085,7.0,7683 -> 5085 -> 7992 -> 7173 -> 6354 -> 3087 -> 8352 -> 6174 -> 6174
7684,7684,4678,4,1,4086,4086,7.0,7684 -> 4086 -> 8172 -> 7443 -> 3996 -> 6264 -> 4176 -> 6174 -> 6174
7693,7693,3679,6,1,6084,6084,7.0,7693 -> 6084 -> 8172 -> 7443 -> 3996 -> 6264 -> 4176 -> 6174 -> 6174
7694,7694,4679,5,1,5085,5085,7.0,7694 -> 5085 -> 7992 -> 7173 -> 6354 -> 3087 -> 8352 -> 6174 -> 6174
7695,7695,5679,4,1,4086,4086,7.0,7695 -> 4086 -> 8172 -> 7443 -> 3996 -> 6264 -> 4176 -> 6174 -> 6174
7716,7716,1677,6,1,6084,6084,7.0,7716 -> 6084 -> 8172 -> 7443 -> 3996 -> 6264 -> 4176 -> 6174 -> 6174
7725,7725,2577,5,2,5175,5175,7.0,7725 -> 5175 -> 5994 -> 5355 -> 1998 -> 8082 -> 8532 -> 6174 -> 6174
7726,7726,2677,5,1,5085,5085,7.0,7726 -> 5085 -> 7992 -> 7173 -> 6354 -> 3087 -> 8352 -> 6174 -> 6174
7736,7736,3677,4,1,4086,4086,7.0,7736 -> 4086 -> 8172 -> 7443 -> 3996 -> 6264 -> 4176 -> 6174 -> 6174
7752,7752,2577,5,2,5175,5175,7.0,7752 -> 5175 -> 5994 -> 5355 -> 1998 -> 8082 -> 8532 -> 6174 -> 6174
7761,7761,1677,6,1,6084,6084,7.0,7761 -> 6084 -> 8172 -> 7443 -> 3996 -> 6264 -> 4176 -> 6174 -> 6174
7762,7762,2677,5,1,5085,5085,7.0,7762 -> 5085 -> 7992 -> 7173 -> 6354 -> 3087 -> 8352 -> 6174 -> 6174
7763,7763,3677,4,1,4086,4086,7.0,7763 -> 4086 -> 8172 -> 7443 -> 3996 -> 6264 -> 4176 -> 6174 -> 6174
7802,7802,0278,8,5,8442,8442,7.0,7802 -> 8442 -> 5994 -> 5355 -> 1998 -> 8082 -> 8532 -> 6174 -> 6174
7820,7820,0278,8,5,8442,8442,7.0,7820 -> 8442 -> 5994 -> 5355 -> 1998 -> 8082 -> 8532 -> 6174 -> 6174
7826,7826,2678,6,1,6084,6084,7.0,7826 -> 6084 -> 8172 -> 7443 -> 3996 -> 6264 -> 4176 -> 6174 -> 6174
7828,7828,2788,6,1,6084,6084,7.0,7828 -> 6084 -> 8172 -> 7443 -> 3996 -> 6264 -> 4176 -> 6174 -> 6174
7835,7835,3578,5,2,5175,5175,7.0,7835 -> 5175 -> 5994 -> 5355 -> 1998 -> 8082 -> 8532 -> 6174 -> 6174
7836,7836,3678,5,1,5085,5085,7.0,7836 -> 5085 -> 7992 -> 7173 -> 6354 -> 3087 -> 8352 -> 6174 -> 6174
7838,7838,3788,5,1,5085,5085,7.0,7838 -> 5085 -> 7992 -> 7173 -> 6354 -> 3087 -> 8352 -> 6174 -> 6174
7839,7839,3789,6,1,6084,6084,7.0,7839 -> 6084 -> 8172 -> 7443 -> 3996 -> 6264 -> 4176 -> 6174 -> 6174
7846,7846,4678,4,1,4086,4086,7.0,7846 -> 4086 -> 8172 -> 7443 -> 3996 -> 6264 -> 4176 -> 6174 -> 6174
7848,7848,4788,4,1,4086,4086,7.0,7848 -> 4086 -> 8172 -> 7443 -> 3996 -> 6264 -> 4176 -> 6174 -> 6174
7849,7849,4789,5,1,5085,5085,7.0,7849 -> 5085 -> 7992 -> 7173 -> 6354 -> 3087 -> 8352 -> 6174 -> 6174
7853,7853,3578,5,2,5175,5175,7.0,7853 -> 5175 -> 5994 -> 5355 -> 1998 -> 8082 -> 8532 -> 6174 -> 6174
7859,7859,5789,4,1,4086,4086,7.0,7859 -> 4086 -> 8172 -> 7443 -> 3996 -> 6264 -> 4176 -> 6174 -> 6174
7862,7862,2678,6,1,6084,6084,7.0,7862 -> 6084 -> 8172 -> 7443 -> 3996 -> 6264 -> 4176 -> 6174 -> 6174
7863,7863,3678,5,1,5085,5085,7.0,7863 -> 5085 -> 7992 -> 7173 -> 6354 -> 3087 -> 8352 -> 6174 -> 6174
7864,7864,4678,4,1,4086,4086,7.0,7864 -> 4086 -> 8172 -> 7443 -> 3996 -> 6264 -> 4176 -> 6174 -> 6174
7882,7882,2788,6,1,6084,6084,7.0,7882 -> 6084 -> 8172 -> 7443 -> 3996 -> 6264 -> 4176 -> 6174 -> 6174
7883,7883,3788,5,1,5085,5085,7.0,7883 -> 5085 -> 7992 -> 7173 -> 6354 -> 3087 -> 8352 -> 6174 -> 6174
7884,7884,4788,4,1,4086,4086,7.0,7884 -> 4086 -> 8172 -> 7443 -> 3996 -> 6264 -> 4176 -> 6174 -> 6174
7893,7893,3789,6,1,6084,6084,7.0,7893 -> 6084 -> 8172 -> 7443 -> 3996 -> 6264 -> 4176 -> 6174 -> 6174
7894,7894,4789,5,1,5085,5085,7.0,7894 -> 5085 -> 7992 -> 7173 -> 6354 -> 3087 -> 8352 -> 6174 -> 6174
7895,7895,5789,4,1,4086,4086,7.0,7895 -> 4086 -> 8172 -> 7443 -> 3996 -> 6264 -> 4176 -> 6174 -> 6174
7901,7901,0179,9,6,9531,9531,7.0,7901 -> 9531 -> 8172 -> 7443 -> 3996 -> 6264 -> 4176 -> 6174 -> 6174
7902,7902,0279,9,5,9441,9441,7.0,7902 -> 9441 -> 7992 -> 7173 -> 6354 -> 3087 -> 8352 -> 6174 -> 6174
7903,7903,0379,9,4,9351,9351,7.0,7903 -> 9351 -> 8172 -> 7443 -> 3996 -> 6264 -> 4176 -> 6174 -> 6174
7910,7910,0179,9,6,9531,9531,7.0,7910 -> 9531 -> 8172 -> 7443 -> 3996 -> 6264 -> 4176 -> 6174 -> 6174
7912,7912,1279,8,5,8442,8442,7.0,7912 -> 8442 -> 5994 -> 5355 -> 1998 -> 8082 -> 8532 -> 6174 -> 6174
7920,7920,0279,9,5,9441,9441,7.0,7920 -> 9441 -> 7992 -> 7173 -> 6354 -> 3087 -> 8352 -> 6174 -> 6174
7921,7921,1279,8,5,8442,8442,7.0,7921 -> 8442 -> 5994 -> 5355 -> 1998 -> 8082 -> 8532 -> 6174 -> 6174
7930,7930,0379,9,4,9351,9351,7.0,7930 -> 9351 -> 8172 -> 7443 -> 3996 -> 6264 -> 4176 -> 6174 -> 6174
7936,7936,3679,6,1,6084,6084,7.0,7936 -> 6084 -> 8172 -> 7443 -> 3996 -> 6264 -> 4176 -> 6174 -> 6174
7938,7938,3789,6,1,6084,6084,7.0,7938 -> 6084 -> 8172 -> 7443 -> 3996 -> 6264 -> 4176 -> 6174 -> 6174
7945,7945,4579,5,2,5175,5175,7.0,7945 -> 5175 -> 5994 -> 5355 -> 1998 -> 8082 -> 8532 -> 6174 -> 6174
7946,7946,4679,5,1,5085,5085,7.0,7946 -> 5085 -> 7992 -> 7173 -> 6354 -> 3087 -> 8352 -> 6174 -> 6174
7948,7948,4789,5,1,5085,5085,7.0,7948 -> 5085 -> 7992 -> 7173 -> 6354 -> 3087 -> 8352 -> 6174 -> 6174
7949,7949,4799,5,2,5175,5175,7.0,7949 -> 5175 -> 5994 -> 5355 -> 1998 -> 8082 -> 8532 -> 6174 -> 6174
7954,7954,4579,5,2,5175,5175,7.0,7954 -> 5175 -> 5994 -> 5355 -> 1998 -> 8082 -> 8532 -> 6174 -> 6174
7956,7956,5679,4,1,4086,4086,7.0,7956 -> 4086 -> 8172 -> 7443 -> 3996 -> 6264 -> 4176 -> 6174 -> 6174
7958,7958,5789,4,1,4086,4086,7.0,7958 -> 4086 -> 8172 -> 7443 -> 3996 -> 6264 -> 4176 -> 6174 -> 6174
7963,7963,3679,6,1,6084,6084,7.0,7963 -> 6084 -> 8172 -> 7443 -> 3996 -> 6264 -> 4176 -> 6174 -> 6174
7964,7964,4679,5,1,5085,5085,7.0,7964 -> 5085 -> 7992 -> 7173 -> 6354 -> 3087 -> 8352 -> 6174 -> 6174
7965,7965,5679,4,1,4086,4086,7.0,7965 -> 4086 -> 8172 -> 7443 -> 3996 -> 6264 -> 4176 -> 6174 -> 6174
7983,7983,3789,6,1,6084,6084,7.0,7983 -> 6084 -> 8172 -> 7443 -> 3996 -> 6264 -> 4176 -> 6174 -> 6174
7984,7984,4789,5,1,5085,5085,7.0,7984 -> 5085 -> 7992 -> 7173 -> 6354 -> 3087 -> 8352 -> 6174 -> 6174
7985,7985,5789,4,1,4086,4086,7.0,7985 -> 4086 -> 8172 -> 7443 -> 3996 -> 6264 -> 4176 -> 6174 -> 6174
7994,7994,4799,5,2,5175,5175,7.0,7994 -> 5175 -> 5994 -> 5355 -> 1998 -> 8082 -> 8532 -> 6174 -> 6174
8005,8005,0058,8,5,8442,8442,7.0,8005 -> 8442 -> 5994 -> 5355 -> 1998 -> 8082 -> 8532 -> 6174 -> 6174
8016,8016,0168,8,5,8442,8442,7.0,8016 -> 8442 -> 5994 -> 5355 -> 1998 -> 8082 -> 8532 -> 6174 -> 6174
8027,8027,0278,8,5,8442,8442,7.0,8027 -> 8442 -> 5994 -> 5355 -> 1998 -> 8082 -> 8532 -> 6174 -> 6174
8029,8029,0289,9,6,9531,9531,7.0,8029 -> 9531 -> 8172 -> 7443 -> 3996 -> 6264 -> 4176 -> 6174 -> 6174
8038,8038,0388,8,5,8442,8442,7.0,8038 -> 8442 -> 5994 -> 5355 -> 1998 -> 8082 -> 8532 -> 6174 -> 6174
8039,8039,0389,9,5,9441,9441,7.0,8039 -> 9441 -> 7992 -> 7173 -> 6354 -> 3087 -> 8352 -> 6174 -> 6174
8049,8049,0489,9,4,9351,9351,7.0,8049 -> 9351 -> 8172 -> 7443 -> 3996 -> 6264 -> 4176 -> 6174 -> 6174
8050,8050,0058,8,5,8442,8442,7.0,8050 -> 8442 -> 5994 -> 5355 -> 1998 -> 8082 -> 8532 -> 6174 -> 6174
8061,8061,0168,8,5,8442,8442,7.0,8061 -> 8442 -> 5994 -> 5355 -> 1998 -> 8082 -> 8532 -> 6174 -> 6174
8072,8072,0278,8,5,8442,8442,7.0,8072 -> 8442 -> 5994 -> 5355 -> 1998 -> 8082 -> 8532 -> 6174 -> 6174
8083,8083,0388,8,5,8442,8442,7.0,8083 -> 8442 -> 5994 -> 5355 -> 1998 -> 8082 -> 8532 -> 6174 -> 6174
8092,8092,0289,9,6,9531,9531,7.0,8092 -> 9531 -> 8172 -> 7443 -> 3996 -> 6264 -> 4176 -> 6174 -> 6174
8093,8093,0389,9,5,9441,9441,7.0,8093 -> 9441 -> 7992 -> 7173 -> 6354 -> 3087 -> 8352 -> 6174 -> 6174
8094,8094,0489,9,4,9351,9351,7.0,8094 -> 9351 -> 8172 -> 7443 -> 3996 -> 6264 -> 4176 -> 6174 -> 6174
8106,8106,0168,8,5,8442,8442,7.0,8106 -> 8442 -> 5994 -> 5355 -> 1998 -> 8082 -> 8532 -> 6174 -> 6174
8139,8139,1389,8,5,8442,8442,7.0,8139 -> 8442 -> 5994 -> 5355 -> 1998 -> 8082 -> 8532 -> 6174 -> 6174
8160,8160,0168,8,5,8442,8442,7.0,8160 -> 8442 -> 5994 -> 5355 -> 1998 -> 8082 -> 8532 -> 6174 -> 6174
8193,8193,1389,8,5,8442,8442,7.0,8193 -> 8442 -> 5994 -> 5355 -> 1998 -> 8082 -> 8532 -> 6174 -> 6174
8207,8207,0278,8,5,8442,8442,7.0,8207 -> 8442 -> 5994 -> 5355 -> 1998 -> 8082 -> 8532 -> 6174 -> 6174
8209,8209,0289,9,6,9531,9531,7.0,8209 -> 9531 -> 8172 -> 7443 -> 3996 -> 6264 -> 4176 -> 6174 -> 6174
8223,8223,2238,6,1,6084,6084,7.0,8223 -> 6084 -> 8172 -> 7443 -> 3996 -> 6264 -> 4176 -> 6174 -> 6174
8232,8232,2238,6,1,6084,6084,7.0,8232 -> 6084 -> 8172 -> 7443 -> 3996 -> 6264 -> 4176 -> 6174 -> 6174
8234,8234,2348,6,1,6084,6084,7.0,8234 -> 6084 -> 8172 -> 7443 -> 3996 -> 6264 -> 4176 -> 6174 -> 6174
8243,8243,2348,6,1,6084,6084,7.0,8243 -> 6084 -> 8172 -> 7443 -> 3996 -> 6264 -> 4176 -> 6174 -> 6174
8245,8245,2458,6,1,6084,6084,7.0,8245 -> 6084 -> 8172 -> 7443 -> 3996 -> 6264 -> 4176 -> 6174 -> 6174
8254,8254,2458,6,1,6084,6084,7.0,8254 -> 6084 -> 8172 -> 7443 -> 3996 -> 6264 -> 4176 -> 6174 -> 6174
8256,8256,2568,6,1,6084,6084,7.0,8256 -> 6084 -> 8172 -> 7443 -> 3996 -> 6264 -> 4176 -> 6174 -> 6174
8265,8265,2568,6,1,6084,6084,7.0,8265 -> 6084 -> 8172 -> 7443 -> 3996 -> 6264 -> 4176 -> 6174 -> 6174
8267,8267,2678,6,1,6084,6084,7.0,8267 -> 6084 -> 8172 -> 7443 -> 3996 -> 6264 -> 4176 -> 6174 -> 6174
8270,8270,0278,8,5,8442,8442,7.0,8270 -> 8442 -> 5994 -> 5355 -> 1998 -> 8082 -> 8532 -> 6174 -> 6174
8276,8276,2678,6,1,6084,6084,7.0,8276 -> 6084 -> 8172 -> 7443 -> 3996 -> 6264 -> 4176 -> 6174 -> 6174
8278,8278,2788,6,1,6084,6084,7.0,8278 -> 6084 -> 8172 -> 7443 -> 3996 -> 6264 -> 4176 -> 6174 -> 6174
8287,8287,2788,6,1,6084,6084,7.0,8287 -> 6084 -> 8172 -> 7443 -> 3996 -> 6264 -> 4176 -> 6174 -> 6174
8290,8290,0289,9,6,9531,9531,7.0,8290 -> 9531 -> 8172 -> 7443 -> 3996 -> 6264 -> 4176 -> 6174 -> 6174
8308,8308,0388,8,5,8442,8442,7.0,8308 -> 8442 -> 5994 -> 5355 -> 1998 -> 8082 -> 8532 -> 6174 -> 6174
8309,8309,0389,9,5,9441,9441,7.0,8309 -> 9441 -> 7992 -> 7173 -> 6354 -> 3087 -> 8352 -> 6174 -> 6174
8319,8319,1389,8,5,8442,8442,7.0,8319 -> 8442 -> 5994 -> 5355 -> 1998 -> 8082 -> 8532 -> 6174 -> 6174
8322,8322,2238,6,1,6084,6084,7.0,8322 -> 6084 -> 8172 -> 7443 -> 3996 -> 6264 -> 4176 -> 6174 -> 6174
8324,8324,2348,6,1,6084,6084,7.0,8324 -> 6084 -> 8172 -> 7443 -> 3996 -> 6264 -> 4176 -> 6174 -> 6174
8334,8334,3348,5,1,5085,5085,7.0,8334 -> 5085 -> 7992 -> 7173 -> 6354 -> 3087 -> 8352 -> 6174 -> 6174
8335,8335,3358,5,2,5175,5175,7.0,8335 -> 5175 -> 5994 -> 5355 -> 1998 -> 8082 -> 8532 -> 6174 -> 6174
8342,8342,2348,6,1,6084,6084,7.0,8342 -> 6084 -> 8172 -> 7443 -> 3996 -> 6264 -> 4176 -> 6174 -> 6174
8343,8343,3348,5,1,5085,5085,7.0,8343 -> 5085 -> 7992 -> 7173 -> 6354 -> 3087 -> 8352 -> 6174 -> 6174
8345,8345,3458,5,1,5085,5085,7.0,8345 -> 5085 -> 7992 -> 7173 -> 6354 -> 3087 -> 8352 -> 6174 -> 6174
8346,8346,3468,5,2,5175,5175,7.0,8346 -> 5175 -> 5994 -> 5355 -> 1998 -> 8082 -> 8532 -> 6174 -> 6174
8353,8353,3358,5,2,5175,5175,7.0,8353 -> 5175 -> 5994 -> 5355 -> 1998 -> 8082 -> 8532 -> 6174 -> 6174
8354,8354,3458,5,1,5085,5085,7.0,8354 -> 5085 -> 7992 -> 7173 -> 6354 -> 3087 -> 8352 -> 6174 -> 6174
8356,8356,3568,5,1,5085,5085,7.0,8356 -> 5085 -> 7992 -> 7173 -> 6354 -> 3087 -> 8352 -> 6174 -> 6174
8357,8357,3578,5,2,5175,5175,7.0,8357 -> 5175 -> 5994 -> 5355 -> 1998 -> 8082 -> 8532 -> 6174 -> 6174
8364,8364,3468,5,2,5175,5175,7.0,8364 -> 5175 -> 5994 -> 5355 -> 1998 -> 8082 -> 8532 -> 6174 -> 6174
8365,8365,3568,5,1,5085,5085,7.0,8365 -> 5085 -> 7992 -> 7173 -> 6354 -> 3087 -> 8352 -> 6174 -> 6174
8367,8367,3678,5,1,5085,5085,7.0,8367 -> 5085 -> 7992 -> 7173 -> 6354 -> 3087 -> 8352 -> 6174 -> 6174
8368,8368,3688,5,2,5175,5175,7.0,8368 -> 5175 -> 5994 -> 5355 -> 1998 -> 8082 -> 8532 -> 6174 -> 6174
8375,8375,3578,5,2,5175,5175,7.0,8375 -> 5175 -> 5994 -> 5355 -> 1998 -> 8082 -> 8532 -> 6174 -> 6174
8376,8376,3678,5,1,5085,5085,7.0,8376 -> 5085 -> 7992 -> 7173 -> 6354 -> 3087 -> 8352 -> 6174 -> 6174
8378,8378,3788,5,1,5085,5085,7.0,8378 -> 5085 -> 7992 -> 7173 -> 6354 -> 3087 -> 8352 -> 6174 -> 6174
8379,8379,3789,6,1,6084,6084,7.0,8379 -> 6084 -> 8172 -> 7443 -> 3996 -> 6264 -> 4176 -> 6174 -> 6174
8380,8380,0388,8,5,8442,8442,7.0,8380 -> 8442 -> 5994 -> 5355 -> 1998 -> 8082 -> 8532 -> 6174 -> 6174
8386,8386,3688,5,2,5175,5175,7.0,8386 -> 5175 -> 5994 -> 5355 -> 1998 -> 8082 -> 8532 -> 6174 -> 6174
8387,8387,3788,5,1,5085,5085,7.0,8387 -> 5085 -> 7992 -> 7173 -> 6354 -> 3087 -> 8352 -> 6174 -> 6174
8390,8390,0389,9,5,9441,9441,7.0,8390 -> 9441 -> 7992 -> 7173 -> 6354 -> 3087 -> 8352 -> 6174 -> 6174
8391,8391,1389,8,5,8442,8442,7.0,8391 -> 8442 -> 5994 -> 5355 -> 1998 -> 8082 -> 8532 -> 6174 -> 6174
8397,8397,3789,6,1,6084,6084,7.0,8397 -> 6084 -> 8172 -> 7443 -> 3996 -> 6264 -> 4176 -> 6174 -> 6174
8399,8399,3899,6,1,6084,6084,7.0,8399 -> 6084 -> 8172 -> 7443 -> 3996 -> 6264 -> 4176 -> 6174 -> 6174
8409,8409,0489,9,4,9351,9351,7.0,8409 -> 9351 -> 8172 -> 7443 -> 3996 -> 6264 -> 4176 -> 6174 -> 6174
8423,8423,2348,6,1,6084,6084,7.0,8423 -> 6084 -> 8172 -> 7443 -> 3996 -> 6264 -> 4176 -> 6174 -> 6174
8425,8425,2458,6,1,6084,6084,7.0,8425 -> 6084 -> 8172 -> 7443 -> 3996 -> 6264 -> 4176 -> 6174 -> 6174
8432,8432,2348,6,1,6084,6084,7.0,8432 -> 6084 -> 8172 -> 7443 -> 3996 -> 6264 -> 4176 -> 6174 -> 6174
8433,8433,3348,5,1,5085,5085,7.0,8433 -> 5085 -> 7992 -> 7173 -> 6354 -> 3087 -> 8352 -> 6174 -> 6174
8435,8435,3458,5,1,5085,5085,7.0,8435 -> 5085 -> 7992 -> 7173 -> 6354 -> 3087 -> 8352 -> 6174 -> 6174
8436,8436,3468,5,2,5175,5175,7.0,8436 -> 5175 -> 5994 -> 5355 -> 1998 -> 8082 -> 8532 -> 6174 -> 6174
8445,8445,4458,4,1,4086,4086,7.0,8445 -> 4086 -> 8172 -> 7443 -> 3996 -> 6264 -> 4176 -> 6174 -> 6174
8452,8452,2458,6,1,6084,6084,7.0,8452 -> 6084 -> 8172 -> 7443 -> 3996 -> 6264 -> 4176 -> 6174 -> 6174
8453,8453,3458,5,1,5085,5085,7.0,8453 -> 5085 -> 7992 -> 7173 -> 6354 -> 3087 -> 8352 -> 6174 -> 6174
8454,8454,4458,4,1,4086,4086,7.0,8454 -> 4086 -> 8172 -> 7443 -> 3996 -> 6264 -> 4176 -> 6174 -> 6174
8456,8456,4568,4,1,4086,4086,7.0,8456 -> 4086 -> 8172 -> 7443 -> 3996 -> 6264 -> 4176 -> 6174 -> 6174
8463,8463,3468,5,2,5175,5175,7.0,8463 -> 5175 -> 5994 -> 5355 -> 1998 -> 8082 -> 8532 -> 6174 -> 6174
8465,8465,4568,4,1,4086,4086,7.0,8465 -> 4086 -> 8172 -> 7443 -> 3996 -> 6264 -> 4176 -> 6174 -> 6174
8467,8467,4678,4,1,4086,4086,7.0,8467 -> 4086 -> 8172 -> 7443 -> 3996 -> 6264 -> 4176 -> 6174 -> 6174
8469,8469,4689,5,2,5175,5175,7.0,8469 -> 5175 -> 5994 -> 5355 -> 1998 -> 8082 -> 8532 -> 6174 -> 6174
8476,8476,4678,4,1,4086,4086,7.0,8476 -> 4086 -> 8172 -> 7443 -> 3996 -> 6264 -> 4176 -> 6174 -> 6174
8478,8478,4788,4,1,4086,4086,7.0,8478 -> 4086 -> 8172 -> 7443 -> 3996 -> 6264 -> 4176 -> 6174 -> 6174
8479,8479,4789,5,1,5085,5085,7.0,8479 -> 5085 -> 7992 -> 7173 -> 6354 -> 3087 -> 8352 -> 6174 -> 6174
8487,8487,4788,4,1,4086,4086,7.0,8487 -> 4086 -> 8172 -> 7443 -> 3996 -> 6264 -> 4176 -> 6174 -> 6174
8490,8490,0489,9,4,9351,9351,7.0,8490 -> 9351 -> 8172 -> 7443 -> 3996 -> 6264 -> 4176 -> 6174 -> 6174
8496,8496,4689,5,2,5175,5175,7.0,8496 -> 5175 -> 5994 -> 5355 -> 1998 -> 8082 -> 8532 -> 6174 -> 6174
8497,8497,4789,5,1,5085,5085,7.0,8497 -> 5085 -> 7992 -> 7173 -> 6354 -> 3087 -> 8352 -> 6174 -> 6174
8499,8499,4899,5,1,5085,5085,7.0,8499 -> 5085 -> 7992 -> 7173 -> 6354 -> 3087 -> 8352 -> 6174 -> 6174
8500,8500,0058,8,5,8442,8442,7.0,8500 -> 8442 -> 5994 -> 5355 -> 1998 -> 8082 -> 8532 -> 6174 -> 6174
8524,8524,2458,6,1,6084,6084,7.0,8524 -> 6084 -> 8172 -> 7443 -> 3996 -> 6264 -> 4176 -> 6174 -> 6174
8526,8526,2568,6,1,6084,6084,7.0,8526 -> 6084 -> 8172 -> 7443 -> 3996 -> 6264 -> 4176 -> 6174 -> 6174
8533,8533,3358,5,2,5175,5175,7.0,8533 -> 5175 -> 5994 -> 5355 -> 1998 -> 8082 -> 8532 -> 6174 -> 6174
8534,8534,3458,5,1,5085,5085,7.0,8534 -> 5085 -> 7992 -> 7173 -> 6354 -> 3087 -> 8352 -> 6174 -> 6174
8536,8536,3568,5,1,5085,5085,7.0,8536 -> 5085 -> 7992 -> 7173 -> 6354 -> 3087 -> 8352 -> 6174 -> 6174
8537,8537,3578,5,2,5175,5175,7.0,8537 -> 5175 -> 5994 -> 5355 -> 1998 -> 8082 -> 8532 -> 6174 -> 6174
8542,8542,2458,6,1,6084,6084,7.0,8542 -> 6084 -> 8172 -> 7443 -> 3996 -> 6264 -> 4176 -> 6174 -> 6174
8543,8543,3458,5,1,5085,5085,7.0,8543 -> 5085 -> 7992 -> 7173 -> 6354 -> 3087 -> 8352 -> 6174 -> 6174
8544,8544,4458,4,1,4086,4086,7.0,8544 -> 4086 -> 8172 -> 7443 -> 3996 -> 6264 -> 4176 -> 6174 -> 6174
8546,8546,4568,4,1,4086,4086,7.0,8546 -> 4086 -> 8172 -> 7443 -> 3996 -> 6264 -> 4176 -> 6174 -> 6174
8562,8562,2568,6,1,6084,6084,7.0,8562 -> 6084 -> 8172 -> 7443 -> 3996 -> 6264 -> 4176 -> 6174 -> 6174
8563,8563,3568,5,1,5085,5085,7.0,8563 -> 5085 -> 7992 -> 7173 -> 6354 -> 3087 -> 8352 -> 6174 -> 6174
8564,8564,4568,4,1,4086,4086,7.0,8564 -> 4086 -> 8172 -> 7443 -> 3996 -> 6264 -> 4176 -> 6174 -> 6174
8573,8573,3578,5,2,5175,5175,7.0,8573 -> 5175 -> 5994 -> 5355 -> 1998 -> 8082 -> 8532 -> 6174 -> 6174
8579,8579,5789,4,1,4086,4086,7.0,8579 -> 4086 -> 8172 -> 7443 -> 3996 -> 6264 -> 4176 -> 6174 -> 6174
8597,8597,5789,4,1,4086,4086,7.0,8597 -> 4086 -> 8172 -> 7443 -> 3996 -> 6264 -> 4176 -> 6174 -> 6174
8599,8599,5899,4,1,4086,4086,7.0,8599 -> 4086 -> 8172 -> 7443 -> 3996 -> 6264 -> 4176 -> 6174 -> 6174
8601,8601,0168,8,5,8442,8442,7.0,8601 -> 8442 -> 5994 -> 5355 -> 1998 -> 8082 -> 8532 -> 6174 -> 6174
8610,8610,0168,8,5,8442,8442,7.0,8610 -> 8442 -> 5994 -> 5355 -> 1998 -> 8082 -> 8532 -> 6174 -> 6174
8625,8625,2568,6,1,6084,6084,7.0,8625 -> 6084 -> 8172 -> 7443 -> 3996 -> 6264 -> 4176 -> 6174 -> 6174
8627,8627,2678,6,1,6084,6084,7.0,8627 -> 6084 -> 8172 -> 7443 -> 3996 -> 6264 -> 4176 -> 6174 -> 6174
8634,8634,3468,5,2,5175,5175,7.0,8634 -> 5175 -> 5994 -> 5355 -> 1998 -> 8082 -> 8532 -> 6174 -> 6174
8635,8635,3568,5,1,5085,5085,7.0,8635 -> 5085 -> 7992 -> 7173 -> 6354 -> 3087 -> 8352 -> 6174 -> 6174
8637,8637,3678,5,1,5085,5085,7.0,8637 -> 5085 -> 7992 -> 7173 -> 6354 -> 3087 -> 8352 -> 6174 -> 6174
8638,8638,3688,5,2,5175,5175,7.0,8638 -> 5175 -> 5994 -> 5355 -> 1998 -> 8082 -> 8532 -> 6174 -> 6174
8643,8643,3468,5,2,5175,5175,7.0,8643 -> 5175 -> 5994 -> 5355 -> 1998 -> 8082 -> 8532 -> 6174 -> 6174
8645,8645,4568,4,1,4086,4086,7.0,8645 -> 4086 -> 8172 -> 7443 -> 3996 -> 6264 -> 4176 -> 6174 -> 6174
8647,8647,4678,4,1,4086,4086,7.0,8647 -> 4086 -> 8172 -> 7443 -> 3996 -> 6264 -> 4176 -> 6174 -> 6174
8649,8649,4689,5,2,5175,5175,7.0,8649 -> 5175 -> 5994 -> 5355 -> 1998 -> 8082 -> 8532 -> 6174 -> 6174
8652,8652,2568,6,1,6084,6084,7.0,8652 -> 6084 -> 8172 -> 7443 -> 3996 -> 6264 -> 4176 -> 6174 -> 6174
8653,8653,3568,5,1,5085,5085,7.0,8653 -> 5085 -> 7992 -> 7173 -> 6354 -> 3087 -> 8352 -> 6174 -> 6174
8654,8654,4568,4,1,4086,4086,7.0,8654 -> 4086 -> 8172 -> 7443 -> 3996 -> 6264 -> 4176 -> 6174 -> 6174
8672,8672,2678,6,1,6084,6084,7.0,8672 -> 6084 -> 8172 -> 7443 -> 3996 -> 6264 -> 4176 -> 6174 -> 6174
8673,8673,3678,5,1,5085,5085,7.0,8673 -> 5085 -> 7992 -> 7173 -> 6354 -> 3087 -> 8352 -> 6174 -> 6174
8674,8674,4678,4,1,4086,4086,7.0,8674 -> 4086 -> 8172 -> 7443 -> 3996 -> 6264 -> 4176 -> 6174 -> 6174
8683,8683,3688,5,2,5175,5175,7.0,8683 -> 5175 -> 5994 -> 5355 -> 1998 -> 8082 -> 8532 -> 6174 -> 6174
8694,8694,4689,5,2,5175,5175,7.0,8694 -> 5175 -> 5994 -> 5355 -> 1998 -> 8082 -> 8532 -> 6174 -> 6174
8702,8702,0278,8,5,8442,8442,7.0,8702 -> 8442 -> 5994 -> 5355 -> 1998 -> 8082 -> 8532 -> 6174 -> 6174
8720,8720,0278,8,5,8442,8442,7.0,8720 -> 8442 -> 5994 -> 5355 -> 1998 -> 8082 -> 8532 -> 6174 -> 6174
8726,8726,2678,6,1,6084,6084,7.0,8726 -> 6084 -> 8172 -> 7443 -> 3996 -> 6264 -> 4176 -> 6174 -> 6174
8728,8728,2788,6,1,6084,6084,7.0,8728 -> 6084 -> 8172 -> 7443 -> 3996 -> 6264 -> 4176 -> 6174 -> 6174
8735,8735,3578,5,2,5175,5175,7.0,8735 -> 5175 -> 5994 -> 5355 -> 1998 -> 8082 -> 8532 -> 6174 -> 6174
8736,8736,3678,5,1,5085,5085,7.0,8736 -> 5085 -> 7992 -> 7173 -> 6354 -> 3087 -> 8352 -> 6174 -> 6174
8738,8738,3788,5,1,5085,5085,7.0,8738 -> 5085 -> 7992 -> 7173 -> 6354 -> 3087 -> 8352 -> 6174 -> 6174
8739,8739,3789,6,1,6084,6084,7.0,8739 -> 6084 -> 8172 -> 7443 -> 3996 -> 6264 -> 4176 -> 6174 -> 6174
8746,8746,4678,4,1,4086,4086,7.0,8746 -> 4086 -> 8172 -> 7443 -> 3996 -> 6264 -> 4176 -> 6174 -> 6174
8748,8748,4788,4,1,4086,4086,7.0,8748 -> 4086 -> 8172 -> 7443 -> 3996 -> 6264 -> 4176 -> 6174 -> 6174
8749,8749,4789,5,1,5085,5085,7.0,8749 -> 5085 -> 7992 -> 7173 -> 6354 -> 3087 -> 8352 -> 6174 -> 6174
8753,8753,3578,5,2,5175,5175,7.0,8753 -> 5175 -> 5994 -> 5355 -> 1998 -> 8082 -> 8532 -> 6174 -> 6174
8759,8759,5789,4,1,4086,4086,7.0,8759 -> 4086 -> 8172 -> 7443 -> 3996 -> 6264 -> 4176 -> 6174 -> 6174
8762,8762,2678,6,1,6084,6084,7.0,8762 -> 6084 -> 8172 -> 7443 -> 3996 -> 6264 -> 4176 -> 6174 -> 6174
8763,8763,3678,5,1,5085,5085,7.0,8763 -> 5085 -> 7992 -> 7173 -> 6354 -> 3087 -> 8352 -> 6174 -> 6174
8764,8764,4678,4,1,4086,4086,7.0,8764 -> 4086 -> 8172 -> 7443 -> 3996 -> 6264 -> 4176 -> 6174 -> 6174
8782,8782,2788,6,1,6084,6084,7.0,8782 -> 6084 -> 8172 -> 7443 -> 3996 -> 6264 -> 4176 -> 6174 -> 6174
8783,8783,3788,5,1,5085,5085,7.0,8783 -> 5085 -> 7992 -> 7173 -> 6354 -> 3087 -> 8352 -> 6174 -> 6174
8784,8784,4788,4,1,4086,4086,7.0,8784 -> 4086 -> 8172 -> 7443 -> 3996 -> 6264 -> 4176 -> 6174 -> 6174
8793,8793,3789,6,1,6084,6084,7.0,8793 -> 6084 -> 8172 -> 7443 -> 3996 -> 6264 -> 4176 -> 6174 -> 6174
8794,8794,4789,5,1,5085,5085,7.0,8794 -> 5085 -> 7992 -> 7173 -> 6354 -> 3087 -> 8352 -> 6174 -> 6174
8795,8795,5789,4,1,4086,4086,7.0,8795 -> 4086 -> 8172 -> 7443 -> 3996 -> 6264 -> 4176 -> 6174 -> 6174
8803,8803,0388,8,5,8442,8442,7.0,8803 -> 8442 -> 5994 -> 5355 -> 1998 -> 8082 -> 8532 -> 6174 -> 6174
8827,8827,2788,6,1,6084,6084,7.0,8827 -> 6084 -> 8172 -> 7443 -> 3996 -> 6264 -> 4176 -> 6174 -> 6174
8830,8830,0388,8,5,8442,8442,7.0,8830 -> 8442 -> 5994 -> 5355 -> 1998 -> 8082 -> 8532 -> 6174 -> 6174
8836,8836,3688,5,2,5175,5175,7.0,8836 -> 5175 -> 5994 -> 5355 -> 1998 -> 8082 -> 8532 -> 6174 -> 6174
8837,8837,3788,5,1,5085,5085,7.0,8837 -> 5085 -> 7992 -> 7173 -> 6354 -> 3087 -> 8352 -> 6174 -> 6174
8847,8847,4788,4,1,4086,4086,7.0,8847 -> 4086 -> 8172 -> 7443 -> 3996 -> 6264 -> 4176 -> 6174 -> 6174
8863,8863,3688,5,2,5175,5175,7.0,8863 -> 5175 -> 5994 -> 5355 -> 1998 -> 8082 -> 8532 -> 6174 -> 6174
8872,8872,2788,6,1,6084,6084,7.0,8872 -> 6084 -> 8172 -> 7443 -> 3996 -> 6264 -> 4176 -> 6174 -> 6174
8873,8873,3788,5,1,5085,5085,7.0,8873 -> 5085 -> 7992 -> 7173 -> 6354 -> 3087 -> 8352 -> 6174 -> 6174
8874,8874,4788,4,1,4086,4086,7.0,8874 -> 4086 -> 8172 -> 7443 -> 3996 -> 6264 -> 4176 -> 6174 -> 6174
8902,8902,0289,9,6,9531,9531,7.0,8902 -> 9531 -> 8172 -> 7443 -> 3996 -> 6264 -> 4176 -> 6174 -> 6174
8903,8903,0389,9,5,9441,9441,7.0,8903 -> 9441 -> 7992 -> 7173 -> 6354 -> 3087 -> 8352 -> 6174 -> 6174
8904,8904,0489,9,4,9351,9351,7.0,8904 -> 9351 -> 8172 -> 7443 -> 3996 -> 6264 -> 4176 -> 6174 -> 6174
8913,8913,1389,8,5,8442,8442,7.0,8913 -> 8442 -> 5994 -> 5355 -> 1998 -> 8082 -> 8532 -> 6174 -> 6174
8920,8920,0289,9,6,9531,9531,7.0,8920 -> 9531 -> 8172 -> 7443 -> 3996 -> 6264 -> 4176 -> 6174 -> 6174
8930,8930,0389,9,5,9441,9441,7.0,8930 -> 9441 -> 7992 -> 7173 -> 6354 -> 3087 -> 8352 -> 6174 -> 6174
8931,8931,1389,8,5,8442,8442,7.0,8931 -> 8442 -> 5994 -> 5355 -> 1998 -> 8082 -> 8532 -> 6174 -> 6174
8937,8937,3789,6,1,6084,6084,7.0,8937 -> 6084 -> 8172 -> 7443 -> 3996 -> 6264 -> 4176 -> 6174 -> 6174
8939,8939,3899,6,1,6084,6084,7.0,8939 -> 6084 -> 8172 -> 7443 -> 3996 -> 6264 -> 4176 -> 6174 -> 6174
8940,8940,0489,9,4,9351,9351,7.0,8940 -> 9351 -> 8172 -> 7443 -> 3996 -> 6264 -> 4176 -> 6174 -> 6174
8946,8946,4689,5,2,5175,5175,7.0,8946 -> 5175 -> 5994 -> 5355 -> 1998 -> 8082 -> 8532 -> 6174 -> 6174
8947,8947,4789,5,1,5085,5085,7.0,8947 -> 5085 -> 7992 -> 7173 -> 6354 -> 3087 -> 8352 -> 6174 -> 6174
8949,8949,4899,5,1,5085,5085,7.0,8949 -> 5085 -> 7992 -> 7173 -> 6354 -> 3087 -> 8352 -> 6174 -> 6174
8957,8957,5789,4,1,4086,4086,7.0,8957 -> 4086 -> 8172 -> 7443 -> 3996 -> 6264 -> 4176 -> 6174 -> 6174
8959,8959,5899,4,1,4086,4086,7.0,8959 -> 4086 -> 8172 -> 7443 -> 3996 -> 6264 -> 4176 -> 6174 -> 6174
8964,8964,4689,5,2,5175,5175,7.0,8964 -> 5175 -> 5994 -> 5355 -> 1998 -> 8082 -> 8532 -> 6174 -> 6174
8973,8973,3789,6,1,6084,6084,7.0,8973 -> 6084 -> 8172 -> 7443 -> 3996 -> 6264 -> 4176 -> 6174 -> 6174
8974,8974,4789,5,1,5085,5085,7.0,8974 -> 5085 -> 7992 -> 7173 -> 6354 -> 3087 -> 8352 -> 6174 -> 6174
8975,8975,5789,4,1,4086,4086,7.0,8975 -> 4086 -> 8172 -> 7443 -> 3996 -> 6264 -> 4176 -> 6174 -> 6174
8993,8993,3899,6,1,6084,6084,7.0,8993 -> 6084 -> 8172 -> 7443 -> 3996 -> 6264 -> 4176 -> 6174 -> 6174
8994,8994,4899,5,1,5085,5085,7.0,8994 -> 5085 -> 7992 -> 7173 -> 6354 -> 3087 -> 8352 -> 6174 -> 6174
8995,8995,5899,4,1,4086,4086,7.0,8995 -> 4086 -> 8172 -> 7443 -> 3996 -> 6264 -> 4176 -> 6174 -> 6174
9004,9004,0049,9,4,9351,9351,7.0,9004 -> 9351 -> 8172 -> 7443 -> 3996 -> 6264 -> 4176 -> 6174 -> 6174
9005,9005,0059,9,5,9441,9441,7.0,9005 -> 9441 -> 7992 -> 7173 -> 6354 -> 3087 -> 8352 -> 6174 -> 6174
9006,9006,0069,9,6,9531,9531,7.0,9006 -> 9531 -> 8172 -> 7443 -> 3996 -> 6264 -> 4176 -> 6174 -> 6174
9015,9015,0159,9,4,9351,9351,7.0,9015 -> 9351 -> 8172 -> 7443 -> 3996 -> 6264 -> 4176 -> 6174 -> 6174
9016,9016,0169,9,5,9441,9441,7.0,9016 -> 9441 -> 7992 -> 7173 -> 6354 -> 3087 -> 8352 -> 6174 -> 6174
9017,9017,0179,9,6,9531,9531,7.0,9017 -> 9531 -> 8172 -> 7443 -> 3996 -> 6264 -> 4176 -> 6174 -> 6174
9026,9026,0269,9,4,9351,9351,7.0,9026 -> 9351 -> 8172 -> 7443 -> 3996 -> 6264 -> 4176 -> 6174 -> 6174
9027,9027,0279,9,5,9441,9441,7.0,9027 -> 9441 -> 7992 -> 7173 -> 6354 -> 3087 -> 8352 -> 6174 -> 6174
9028,9028,0289,9,6,9531,9531,7.0,9028 -> 9531 -> 8172 -> 7443 -> 3996 -> 6264 -> 4176 -> 6174 -> 6174
9037,9037,0379,9,4,9351,9351,7.0,9037 -> 9351 -> 8172 -> 7443 -> 3996 -> 6264 -> 4176 -> 6174 -> 6174
9038,9038,0389,9,5,9441,9441,7.0,9038 -> 9441 -> 7992 -> 7173 -> 6354 -> 3087 -> 8352 -> 6174 -> 6174
9039,9039,0399,9,6,9531,9531,7.0,9039 -> 9531 -> 8172 -> 7443 -> 3996 -> 6264 -> 4176 -> 6174 -> 6174
9040,9040,0049,9,4,9351,9351,7.0,9040 -> 9351 -> 8172 -> 7443 -> 3996 -> 6264 -> 4176 -> 6174 -> 6174
9048,9048,0489,9,4,9351,9351,7.0,9048 -> 9351 -> 8172 -> 7443 -> 3996 -> 6264 -> 4176 -> 6174 -> 6174
9049,9049,0499,9,5,9441,9441,7.0,9049 -> 9441 -> 7992 -> 7173 -> 6354 -> 3087 -> 8352 -> 6174 -> 6174
9050,9050,0059,9,5,9441,9441,7.0,9050 -> 9441 -> 7992 -> 7173 -> 6354 -> 3087 -> 8352 -> 6174 -> 6174
9051,9051,0159,9,4,9351,9351,7.0,9051 -> 9351 -> 8172 -> 7443 -> 3996 -> 6264 -> 4176 -> 6174 -> 6174
9059,9059,0599,9,4,9351,9351,7.0,9059 -> 9351 -> 8172 -> 7443 -> 3996 -> 6264 -> 4176 -> 6174 -> 6174
9060,9060,0069,9,6,9531,9531,7.0,9060 -> 9531 -> 8172 -> 7443 -> 3996 -> 6264 -> 4176 -> 6174 -> 6174
9061,9061,0169,9,5,9441,9441,7.0,9061 -> 9441 -> 7992 -> 7173 -> 6354 -> 3087 -> 8352 -> 6174 -> 6174
9062,9062,0269,9,4,9351,9351,7.0,9062 -> 9351 -> 8172 -> 7443 -> 3996 -> 6264 -> 4176 -> 6174 -> 6174
9071,9071,0179,9,6,9531,9531,7.0,9071 -> 9531 -> 8172 -> 7443 -> 3996 -> 6264 -> 4176 -> 6174 -> 6174
9072,9072,0279,9,5,9441,9441,7.0,9072 -> 9441 -> 7992 -> 7173 -> 6354 -> 3087 -> 8352 -> 6174 -> 6174
9073,9073,0379,9,4,9351,9351,7.0,9073 -> 9351 -> 8172 -> 7443 -> 3996 -> 6264 -> 4176 -> 6174 -> 6174
9082,9082,0289,9,6,9531,9531,7.0,9082 -> 9531 -> 8172 -> 7443 -> 3996 -> 6264 -> 4176 -> 6174 -> 6174
9083,9083,0389,9,5,9441,9441,7.0,9083 -> 9441 -> 7992 -> 7173 -> 6354 -> 3087 -> 8352 -> 6174 -> 6174
9084,9084,0489,9,4,9351,9351,7.0,9084 -> 9351 -> 8172 -> 7443 -> 3996 -> 6264 -> 4176 -> 6174 -> 6174
9093,9093,0399,9,6,9531,9531,7.0,9093 -> 9531 -> 8172 -> 7443 -> 3996 -> 6264 -> 4176 -> 6174 -> 6174
9094,9094,0499,9,5,9441,9441,7.0,9094 -> 9441 -> 7992 -> 7173 -> 6354 -> 3087 -> 8352 -> 6174 -> 6174
9095,9095,0599,9,4,9351,9351,7.0,9095 -> 9351 -> 8172 -> 7443 -> 3996 -> 6264 -> 4176 -> 6174 -> 6174
9105,9105,0159,9,4,9351,9351,7.0,9105 -> 9351 -> 8172 -> 7443 -> 3996 -> 6264 -> 4176 -> 6174 -> 6174
9106,9106,0169,9,5,9441,9441,7.0,9106 -> 9441 -> 7992 -> 7173 -> 6354 -> 3087 -> 8352 -> 6174 -> 6174
9107,9107,0179,9,6,9531,9531,7.0,9107 -> 9531 -> 8172 -> 7443 -> 3996 -> 6264 -> 4176 -> 6174 -> 6174
9116,9116,1169,8,5,8442,8442,7.0,9116 -> 8442 -> 5994 -> 5355 -> 1998 -> 8082 -> 8532 -> 6174 -> 6174
9127,9127,1279,8,5,8442,8442,7.0,9127 -> 8442 -> 5994 -> 5355 -> 1998 -> 8082 -> 8532 -> 6174 -> 6174
9138,9138,1389,8,5,8442,8442,7.0,9138 -> 8442 -> 5994 -> 5355 -> 1998 -> 8082 -> 8532 -> 6174 -> 6174
9149,9149,1499,8,5,8442,8442,7.0,9149 -> 8442 -> 5994 -> 5355 -> 1998 -> 8082 -> 8532 -> 6174 -> 6174
9150,9150,0159,9,4,9351,9351,7.0,9150 -> 9351 -> 8172 -> 7443 -> 3996 -> 6264 -> 4176 -> 6174 -> 6174
9160,9160,0169,9,5,9441,9441,7.0,9160 -> 9441 -> 7992 -> 7173 -> 6354 -> 3087 -> 8352 -> 6174 -> 6174
9161,9161,1169,8,5,8442,8442,7.0,9161 -> 8442 -> 5994 -> 5355 -> 1998 -> 8082 -> 8532 -> 6174 -> 6174
9170,9170,0179,9,6,9531,9531,7.0,9170 -> 9531 -> 8172 -> 7443 -> 3996 -> 6264 -> 4176 -> 6174 -> 6174
9172,9172,1279,8,5,8442,8442,7.0,9172 -> 8442 -> 5994 -> 5355 -> 1998 -> 8082 -> 8532 -> 6174 -> 6174
9183,9183,1389,8,5,8442,8442,7.0,9183 -> 8442 -> 5994 -> 5355 -> 1998 -> 8082 -> 8532 -> 6174 -> 6174
9194,9194,1499,8,5,8442,8442,7.0,9194 -> 8442 -> 5994 -> 5355 -> 1998 -> 8082 -> 8532 -> 6174 -> 6174
9206,9206,0269,9,4,9351,9351,7.0,9206 -> 9351 -> 8172 -> 7443 -> 3996 -> 6264 -> 4176 -> 6174 -> 6174
9207,9207,0279,9,5,9441,9441,7.0,9207 -> 9441 -> 7992 -> 7173 -> 6354 -> 3087 -> 8352 -> 6174 -> 6174
9208,9208,0289,9,6,9531,9531,7.0,9208 -> 9531 -> 8172 -> 7443 -> 3996 -> 6264 -> 4176 -> 6174 -> 6174
9217,9217,1279,8,5,8442,8442,7.0,9217 -> 8442 -> 5994 -> 5355 -> 1998 -> 8082 -> 8532 -> 6174 -> 6174
9260,9260,0269,9,4,9351,9351,7.0,9260 -> 9351 -> 8172 -> 7443 -> 3996 -> 6264 -> 4176 -> 6174 -> 6174
9270,9270,0279,9,5,9441,9441,7.0,9270 -> 9441 -> 7992 -> 7173 -> 6354 -> 3087 -> 8352 -> 6174 -> 6174
9271,9271,1279,8,5,8442,8442,7.0,9271 -> 8442 -> 5994 -> 5355 -> 1998 -> 8082 -> 8532 -> 6174 -> 6174
9280,9280,0289,9,6,9531,9531,7.0,9280 -> 9531 -> 8172 -> 7443 -> 3996 -> 6264 -> 4176 -> 6174 -> 6174
9307,9307,0379,9,4,9351,9351,7.0,9307 -> 9351 -> 8172 -> 7443 -> 3996 -> 6264 -> 4176 -> 6174 -> 6174
9308,9308,0389,9,5,9441,9441,7.0,9308 -> 9441 -> 7992 -> 7173 -> 6354 -> 3087 -> 8352 -> 6174 -> 6174
9309,9309,0399,9,6,9531,9531,7.0,9309 -> 9531 -> 8172 -> 7443 -> 3996 -> 6264 -> 4176 -> 6174 -> 6174
9318,9318,1389,8,5,8442,8442,7.0,9318 -> 8442 -> 5994 -> 5355 -> 1998 -> 8082 -> 8532 -> 6174 -> 6174
9334,9334,3349,6,1,6084,6084,7.0,9334 -> 6084 -> 8172 -> 7443 -> 3996 -> 6264 -> 4176 -> 6174 -> 6174
9343,9343,3349,6,1,6084,6084,7.0,9343 -> 6084 -> 8172 -> 7443 -> 3996 -> 6264 -> 4176 -> 6174 -> 6174
9345,9345,3459,6,1,6084,6084,7.0,9345 -> 6084 -> 8172 -> 7443 -> 3996 -> 6264 -> 4176 -> 6174 -> 6174
9354,9354,3459,6,1,6084,6084,7.0,9354 -> 6084 -> 8172 -> 7443 -> 3996 -> 6264 -> 4176 -> 6174 -> 6174
9356,9356,3569,6,1,6084,6084,7.0,9356 -> 6084 -> 8172 -> 7443 -> 3996 -> 6264 -> 4176 -> 6174 -> 6174
9365,9365,3569,6,1,6084,6084,7.0,9365 -> 6084 -> 8172 -> 7443 -> 3996 -> 6264 -> 4176 -> 6174 -> 6174
9367,9367,3679,6,1,6084,6084,7.0,9367 -> 6084 -> 8172 -> 7443 -> 3996 -> 6264 -> 4176 -> 6174 -> 6174
9370,9370,0379,9,4,9351,9351,7.0,9370 -> 9351 -> 8172 -> 7443 -> 3996 -> 6264 -> 4176 -> 6174 -> 6174
9376,9376,3679,6,1,6084,6084,7.0,9376 -> 6084 -> 8172 -> 7443 -> 3996 -> 6264 -> 4176 -> 6174 -> 6174
9378,9378,3789,6,1,6084,6084,7.0,9378 -> 6084 -> 8172 -> 7443 -> 3996 -> 6264 -> 4176 -> 6174 -> 6174
9380,9380,0389,9,5,9441,9441,7.0,9380 -> 9441 -> 7992 -> 7173 -> 6354 -> 3087 -> 8352 -> 6174 -> 6174
9381,9381,1389,8,5,8442,8442,7.0,9381 -> 8442 -> 5994 -> 5355 -> 1998 -> 8082 -> 8532 -> 6174 -> 6174
9387,9387,3789,6,1,6084,6084,7.0,9387 -> 6084 -> 8172 -> 7443 -> 3996 -> 6264 -> 4176 -> 6174 -> 6174
9389,9389,3899,6,1,6084,6084,7.0,9389 -> 6084 -> 8172 -> 7443 -> 3996 -> 6264 -> 4176 -> 6174 -> 6174
9390,9390,0399,9,6,9531,9531,7.0,9390 -> 9531 -> 8172 -> 7443 -> 3996 -> 6264 -> 4176 -> 6174 -> 6174
9398,9398,3899,6,1,6084,6084,7.0,9398 -> 6084 -> 8172 -> 7443 -> 3996 -> 6264 -> 4176 -> 6174 -> 6174
9400,9400,0049,9,4,9351,9351,7.0,9400 -> 9351 -> 8172 -> 7443 -> 3996 -> 6264 -> 4176 -> 6174 -> 6174
9408,9408,0489,9,4,9351,9351,7.0,9408 -> 9351 -> 8172 -> 7443 -> 3996 -> 6264 -> 4176 -> 6174 -> 6174
9409,9409,0499,9,5,9441,9441,7.0,9409 -> 9441 -> 7992 -> 7173 -> 6354 -> 3087 -> 8352 -> 6174 -> 6174
9419,9419,1499,8,5,8442,8442,7.0,9419 -> 8442 -> 5994 -> 5355 -> 1998 -> 8082 -> 8532 -> 6174 -> 6174
9433,9433,3349,6,1,6084,6084,7.0,9433 -> 6084 -> 8172 -> 7443 -> 3996 -> 6264 -> 4176 -> 6174 -> 6174
9435,9435,3459,6,1,6084,6084,7.0,9435 -> 6084 -> 8172 -> 7443 -> 3996 -> 6264 -> 4176 -> 6174 -> 6174
9445,9445,4459,5,1,5085,5085,7.0,9445 -> 5085 -> 7992 -> 7173 -> 6354 -> 3087 -> 8352 -> 6174 -> 6174
9446,9446,4469,5,2,5175,5175,7.0,9446 -> 5175 -> 5994 -> 5355 -> 1998 -> 8082 -> 8532 -> 6174 -> 6174
9453,9453,3459,6,1,6084,6084,7.0,9453 -> 6084 -> 8172 -> 7443 -> 3996 -> 6264 -> 4176 -> 6174 -> 6174
9454,9454,4459,5,1,5085,5085,7.0,9454 -> 5085 -> 7992 -> 7173 -> 6354 -> 3087 -> 8352 -> 6174 -> 6174
9456,9456,4569,5,1,5085,5085,7.0,9456 -> 5085 -> 7992 -> 7173 -> 6354 -> 3087 -> 8352 -> 6174 -> 6174
9457,9457,4579,5,2,5175,5175,7.0,9457 -> 5175 -> 5994 -> 5355 -> 1998 -> 8082 -> 8532 -> 6174 -> 6174
9464,9464,4469,5,2,5175,5175,7.0,9464 -> 5175 -> 5994 -> 5355 -> 1998 -> 8082 -> 8532 -> 6174 -> 6174
9465,9465,4569,5,1,5085,5085,7.0,9465 -> 5085 -> 7992 -> 7173 -> 6354 -> 3087 -> 8352 -> 6174 -> 6174
9467,9467,4679,5,1,5085,5085,7.0,9467 -> 5085 -> 7992 -> 7173 -> 6354 -> 3087 -> 8352 -> 6174 -> 6174
9468,9468,4689,5,2,5175,5175,7.0,9468 -> 5175 -> 5994 -> 5355 -> 1998 -> 8082 -> 8532 -> 6174 -> 6174
9475,9475,4579,5,2,5175,5175,7.0,9475 -> 5175 -> 5994 -> 5355 -> 1998 -> 8082 -> 8532 -> 6174 -> 6174
9476,9476,4679,5,1,5085,5085,7.0,9476 -> 5085 -> 7992 -> 7173 -> 6354 -> 3087 -> 8352 -> 6174 -> 6174
9478,9478,4789,5,1,5085,5085,7.0,9478 -> 5085 -> 7992 -> 7173 -> 6354 -> 3087 -> 8352 -> 6174 -> 6174
9479,9479,4799,5,2,5175,5175,7.0,9479 -> 5175 -> 5994 -> 5355 -> 1998 -> 8082 -> 8532 -> 6174 -> 6174
9480,9480,0489,9,4,9351,9351,7.0,9480 -> 9351 -> 8172 -> 7443 -> 3996 -> 6264 -> 4176 -> 6174 -> 6174
9486,9486,4689,5,2,5175,5175,7.0,9486 -> 5175 -> 5994 -> 5355 -> 1998 -> 8082 -> 8532 -> 6174 -> 6174
9487,9487,4789,5,1,5085,5085,7.0,9487 -> 5085 -> 7992 -> 7173 -> 6354 -> 3087 -> 8352 -> 6174 -> 6174
9489,9489,4899,5,1,5085,5085,7.0,9489 -> 5085 -> 7992 -> 7173 -> 6354 -> 3087 -> 8352 -> 6174 -> 6174
9490,9490,0499,9,5,9441,9441,7.0,9490 -> 9441 -> 7992 -> 7173 -> 6354 -> 3087 -> 8352 -> 6174 -> 6174
9491,9491,1499,8,5,8442,8442,7.0,9491 -> 8442 -> 5994 -> 5355 -> 1998 -> 8082 -> 8532 -> 6174 -> 6174
9497,9497,4799,5,2,5175,5175,7.0,9497 -> 5175 -> 5994 -> 5355 -> 1998 -> 8082 -> 8532 -> 6174 -> 6174
9498,9498,4899,5,1,5085,5085,7.0,9498 -> 5085 -> 7992 -> 7173 -> 6354 -> 3087 -> 8352 -> 6174 -> 6174
9500,9500,0059,9,5,9441,9441,7.0,9500 -> 9441 -> 7992 -> 7173 -> 6354 -> 3087 -> 8352 -> 6174 -> 6174
9501,9501,0159,9,4,9351,9351,7.0,9501 -> 9351 -> 8172 -> 7443 -> 3996 -> 6264 -> 4176 -> 6174 -> 6174
9509,9509,0599,9,4,9351,9351,7.0,9509 -> 9351 -> 8172 -> 7443 -> 3996 -> 6264 -> 4176 -> 6174 -> 6174
9510,9510,0159,9,4,9351,9351,7.0,9510 -> 9351 -> 8172 -> 7443 -> 3996 -> 6264 -> 4176 -> 6174 -> 6174
9534,9534,3459,6,1,6084,6084,7.0,9534 -> 6084 -> 8172 -> 7443 -> 3996 -> 6264 -> 4176 -> 6174 -> 6174
9536,9536,3569,6,1,6084,6084,7.0,9536 -> 6084 -> 8172 -> 7443 -> 3996 -> 6264 -> 4176 -> 6174 -> 6174
9543,9543,3459,6,1,6084,6084,7.0,9543 -> 6084 -> 8172 -> 7443 -> 3996 -> 6264 -> 4176 -> 6174 -> 6174
9544,9544,4459,5,1,5085,5085,7.0,9544 -> 5085 -> 7992 -> 7173 -> 6354 -> 3087 -> 8352 -> 6174 -> 6174
9546,9546,4569,5,1,5085,5085,7.0,9546 -> 5085 -> 7992 -> 7173 -> 6354 -> 3087 -> 8352 -> 6174 -> 6174
9547,9547,4579,5,2,5175,5175,7.0,9547 -> 5175 -> 5994 -> 5355 -> 1998 -> 8082 -> 8532 -> 6174 -> 6174
9556,9556,5569,4,1,4086,4086,7.0,9556 -> 4086 -> 8172 -> 7443 -> 3996 -> 6264 -> 4176 -> 6174 -> 6174
9563,9563,3569,6,1,6084,6084,7.0,9563 -> 6084 -> 8172 -> 7443 -> 3996 -> 6264 -> 4176 -> 6174 -> 6174
9564,9564,4569,5,1,5085,5085,7.0,9564 -> 5085 -> 7992 -> 7173 -> 6354 -> 3087 -> 8352 -> 6174 -> 6174
9565,9565,5569,4,1,4086,4086,7.0,9565 -> 4086 -> 8172 -> 7443 -> 3996 -> 6264 -> 4176 -> 6174 -> 6174
9567,9567,5679,4,1,4086,4086,7.0,9567 -> 4086 -> 8172 -> 7443 -> 3996 -> 6264 -> 4176 -> 6174 -> 6174
9574,9574,4579,5,2,5175,5175,7.0,9574 -> 5175 -> 5994 -> 5355 -> 1998 -> 8082 -> 8532 -> 6174 -> 6174
9576,9576,5679,4,1,4086,4086,7.0,9576 -> 4086 -> 8172 -> 7443 -> 3996 -> 6264 -> 4176 -> 6174 -> 6174
9578,9578,5789,4,1,4086,4086,7.0,9578 -> 4086 -> 8172 -> 7443 -> 3996 -> 6264 -> 4176 -> 6174 -> 6174
9587,9587,5789,4,1,4086,4086,7.0,9587 -> 4086 -> 8172 -> 7443 -> 3996 -> 6264 -> 4176 -> 6174 -> 6174
9589,9589,5899,4,1,4086,4086,7.0,9589 -> 4086 -> 8172 -> 7443 -> 3996 -> 6264 -> 4176 -> 6174 -> 6174
9590,9590,0599,9,4,9351,9351,7.0,9590 -> 9351 -> 8172 -> 7443 -> 3996 -> 6264 -> 4176 -> 6174 -> 6174
9598,9598,5899,4,1,4086,4086,7.0,9598 -> 4086 -> 8172 -> 7443 -> 3996 -> 6264 -> 4176 -> 6174 -> 6174
9600,9600,0069,9,6,9531,9531,7.0,9600 -> 9531 -> 8172 -> 7443 -> 3996 -> 6264 -> 4176 -> 6174 -> 6174
9601,9601,0169,9,5,9441,9441,7.0,9601 -> 9441 -> 7992 -> 7173 -> 6354 -> 3087 -> 8352 -> 6174 -> 6174
9602,9602,0269,9,4,9351,9351,7.0,9602 -> 9351 -> 8172 -> 7443 -> 3996 -> 6264 -> 4176 -> 6174 -> 6174
9610,9610,0169,9,5,9441,9441,7.0,9610 -> 9441 -> 7992 -> 7173 -> 6354 -> 3087 -> 8352 -> 6174 -> 6174
9611,9611,1169,8,5,8442,8442,7.0,9611 -> 8442 -> 5994 -> 5355 -> 1998 -> 8082 -> 8532 -> 6174 -> 6174
9620,9620,0269,9,4,9351,9351,7.0,9620 -> 9351 -> 8172 -> 7443 -> 3996 -> 6264 -> 4176 -> 6174 -> 6174
9635,9635,3569,6,1,6084,6084,7.0,9635 -> 6084 -> 8172 -> 7443 -> 3996 -> 6264 -> 4176 -> 6174 -> 6174
9637,9637,3679,6,1,6084,6084,7.0,9637 -> 6084 -> 8172 -> 7443 -> 3996 -> 6264 -> 4176 -> 6174 -> 6174
9644,9644,4469,5,2,5175,5175,7.0,9644 -> 5175 -> 5994 -> 5355 -> 1998 -> 8082 -> 8532 -> 6174 -> 6174
9645,9645,4569,5,1,5085,5085,7.0,9645 -> 5085 -> 7992 -> 7173 -> 6354 -> 3087 -> 8352 -> 6174 -> 6174
9647,9647,4679,5,1,5085,5085,7.0,9647 -> 5085 -> 7992 -> 7173 -> 6354 -> 3087 -> 8352 -> 6174 -> 6174
9648,9648,4689,5,2,5175,5175,7.0,9648 -> 5175 -> 5994 -> 5355 -> 1998 -> 8082 -> 8532 -> 6174 -> 6174
9653,9653,3569,6,1,6084,6084,7.0,9653 -> 6084 -> 8172 -> 7443 -> 3996 -> 6264 -> 4176 -> 6174 -> 6174
9654,9654,4569,5,1,5085,5085,7.0,9654 -> 5085 -> 7992 -> 7173 -> 6354 -> 3087 -> 8352 -> 6174 -> 6174
9655,9655,5569,4,1,4086,4086,7.0,9655 -> 4086 -> 8172 -> 7443 -> 3996 -> 6264 -> 4176 -> 6174 -> 6174
9657,9657,5679,4,1,4086,4086,7.0,9657 -> 4086 -> 8172 -> 7443 -> 3996 -> 6264 -> 4176 -> 6174 -> 6174
9673,9673,3679,6,1,6084,6084,7.0,9673 -> 6084 -> 8172 -> 7443 -> 3996 -> 6264 -> 4176 -> 6174 -> 6174
9674,9674,4679,5,1,5085,5085,7.0,9674 -> 5085 -> 7992 -> 7173 -> 6354 -> 3087 -> 8352 -> 6174 -> 6174
9675,9675,5679,4,1,4086,4086,7.0,9675 -> 4086 -> 8172 -> 7443 -> 3996 -> 6264 -> 4176 -> 6174 -> 6174
9684,9684,4689,5,2,5175,5175,7.0,9684 -> 5175 -> 5994 -> 5355 -> 1998 -> 8082 -> 8532 -> 6174 -> 6174
9701,9701,0179,9,6,9531,9531,7.0,9701 -> 9531 -> 8172 -> 7443 -> 3996 -> 6264 -> 4176 -> 6174 -> 6174
9702,9702,0279,9,5,9441,9441,7.0,9702 -> 9441 -> 7992 -> 7173 -> 6354 -> 3087 -> 8352 -> 6174 -> 6174
9703,9703,0379,9,4,9351,9351,7.0,9703 -> 9351 -> 8172 -> 7443 -> 3996 -> 6264 -> 4176 -> 6174 -> 6174
9710,9710,0179,9,6,9531,9531,7.0,9710 -> 9531 -> 8172 -> 7443 -> 3996 -> 6264 -> 4176 -> 6174 -> 6174
9712,9712,1279,8,5,8442,8442,7.0,9712 -> 8442 -> 5994 -> 5355 -> 1998 -> 8082 -> 8532 -> 6174 -> 6174
9720,9720,0279,9,5,9441,9441,7.0,9720 -> 9441 -> 7992 -> 7173 -> 6354 -> 3087 -> 8352 -> 6174 -> 6174
9721,9721,1279,8,5,8442,8442,7.0,9721 -> 8442 -> 5994 -> 5355 -> 1998 -> 8082 -> 8532 -> 6174 -> 6174
9730,9730,0379,9,4,9351,9351,7.0,9730 -> 9351 -> 8172 -> 7443 -> 3996 -> 6264 -> 4176 -> 6174 -> 6174
9736,9736,3679,6,1,6084,6084,7.0,9736 -> 6084 -> 8172 -> 7443 -> 3996 -> 6264 -> 4176 -> 6174 -> 6174
9738,9738,3789,6,1,6084,6084,7.0,9738 -> 6084 -> 8172 -> 7443 -> 3996 -> 6264 -> 4176 -> 6174 -> 6174
9745,9745,4579,5,2,5175,5175,7.0,9745 -> 5175 -> 5994 -> 5355 -> 1998 -> 8082 -> 8532 -> 6174 -> 6174
9746,9746,4679,5,1,5085,5085,7.0,9746 -> 5085 -> 7992 -> 7173 -> 6354 -> 3087 -> 8352 -> 6174 -> 6174
9748,9748,4789,5,1,5085,5085,7.0,9748 -> 5085 -> 7992 -> 7173 -> 6354 -> 3087 -> 8352 -> 6174 -> 6174
9749,9749,4799,5,2,5175,5175,7.0,9749 -> 5175 -> 5994 -> 5355 -> 1998 -> 8082 -> 8532 -> 6174 -> 6174
9754,9754,4579,5,2,5175,5175,7.0,9754 -> 5175 -> 5994 -> 5355 -> 1998 -> 8082 -> 8532 -> 6174 -> 6174
9756,9756,5679,4,1,4086,4086,7.0,9756 -> 4086 -> 8172 -> 7443 -> 3996 -> 6264 -> 4176 -> 6174 -> 6174
9758,9758,5789,4,1,4086,4086,7.0,9758 -> 4086 -> 8172 -> 7443 -> 3996 -> 6264 -> 4176 -> 6174 -> 6174
9763,9763,3679,6,1,6084,6084,7.0,9763 -> 6084 -> 8172 -> 7443 -> 3996 -> 6264 -> 4176 -> 6174 -> 6174
9764,9764,4679,5,1,5085,5085,7.0,9764 -> 5085 -> 7992 -> 7173 -> 6354 -> 3087 -> 8352 -> 6174 -> 6174
9765,9765,5679,4,1,4086,4086,7.0,9765 -> 4086 -> 8172 -> 7443 -> 3996 -> 6264 -> 4176 -> 6174 -> 6174
9783,9783,3789,6,1,6084,6084,7.0,9783 -> 6084 -> 8172 -> 7443 -> 3996 -> 6264 -> 4176 -> 6174 -> 6174
9784,9784,4789,5,1,5085,5085,7.0,9784 -> 5085 -> 7992 -> 7173 -> 6354 -> 3087 -> 8352 -> 6174 -> 6174
9785,9785,5789,4,1,4086,4086,7.0,9785 -> 4086 -> 8172 -> 7443 -> 3996 -> 6264 -> 4176 -> 6174 -> 6174
9794,9794,4799,5,2,5175,5175,7.0,9794 -> 5175 -> 5994 -> 5355 -> 1998 -> 8082 -> 8532 -> 6174 -> 6174
9802,9802,0289,9,6,9531,9531,7.0,9802 -> 9531 -> 8172 -> 7443 -> 3996 -> 6264 -> 4176 -> 6174 -> 6174
9803,9803,0389,9,5,9441,9441,7.0,9803 -> 9441 -> 7992 -> 7173 -> 6354 -> 3087 -> 8352 -> 6174 -> 6174
9804,9804,0489,9,4,9351,9351,7.0,9804 -> 9351 -> 8172 -> 7443 -> 3996 -> 6264 -> 4176 -> 6174 -> 6174
9813,9813,1389,8,5,8442,8442,7.0,9813 -> 8442 -> 5994 -> 5355 -> 1998 -> 8082 -> 8532 -> 6174 -> 6174
9820,9820,0289,9,6,9531,9531,7.0,9820 -> 9531 -> 8172 -> 7443 -> 3996 -> 6264 -> 4176 -> 6174 -> 6174
9830,9830,0389,9,5,9441,9441,7.0,9830 -> 9441 -> 7992 -> 7173 -> 6354 -> 3087 -> 8352 -> 6174 -> 6174
9831,9831,1389,8,5,8442,8442,7.0,9831 -> 8442 -> 5994 -> 5355 -> 1998 -> 8082 -> 8532 -> 6174 -> 6174
9837,9837,3789,6,1,6084,6084,7.0,9837 -> 6084 -> 8172 -> 7443 -> 3996 -> 6264 -> 4176 -> 6174 -> 6174
9839,9839,3899,6,1,6084,6084,7.0,9839 -> 6084 -> 8172 -> 7443 -> 3996 -> 6264 -> 4176 -> 6174 -> 6174
9840,9840,0489,9,4,9351,9351,7.0,9840 -> 9351 -> 8172 -> 7443 -> 3996 -> 6264 -> 4176 -> 6174 -> 6174
9846,9846,4689,5,2,5175,5175,7.0,9846 -> 5175 -> 5994 -> 5355 -> 1998 -> 8082 -> 8532 -> 6174 -> 6174
9847,9847,4789,5,1,5085,5085,7.0,9847 -> 5085 -> 7992 -> 7173 -> 6354 -> 3087 -> 8352 -> 6174 -> 6174
9849,9849,4899,5,1,5085,5085,7.0,9849 -> 5085 -> 7992 -> 7173 -> 6354 -> 3087 -> 8352 -> 6174 -> 6174
9857,9857,5789,4,1,4086,4086,7.0,9857 -> 4086 -> 8172 -> 7443 -> 3996 -> 6264 -> 4176 -> 6174 -> 6174
9859,9859,5899,4,1,4086,4086,7.0,9859 -> 4086 -> 8172 -> 7443 -> 3996 -> 6264 -> 4176 -> 6174 -> 6174
9864,9864,4689,5,2,5175,5175,7.0,9864 -> 5175 -> 5994 -> 5355 -> 1998 -> 8082 -> 8532 -> 6174 -> 6174
9873,9873,3789,6,1,6084,6084,7.0,9873 -> 6084 -> 8172 -> 7443 -> 3996 -> 6264 -> 4176 -> 6174 -> 6174
9874,9874,4789,5,1,5085,5085,7.0,9874 -> 5085 -> 7992 -> 7173 -> 6354 -> 3087 -> 8352 -> 6174 -> 6174
9875,9875,5789,4,1,4086,4086,7.0,9875 -> 4086 -> 8172 -> 7443 -> 3996 -> 6264 -> 4176 -> 6174 -> 6174
9893,9893,3899,6,1,6084,6084,7.0,9893 -> 6084 -> 8172 -> 7443 -> 3996 -> 6264 -> 4176 -> 6174 -> 6174
9894,9894,4899,5,1,5085,5085,7.0,9894 -> 5085 -> 7992 -> 7173 -> 6354 -> 3087 -> 8352 -> 6174 -> 6174
9895,9895,5899,4,1,4086,4086,7.0,9895 -> 4086 -> 8172 -> 7443 -> 3996 -> 6264 -> 4176 -> 6174 -> 6174
9903,9903,0399,9,6,9531,9531,7.0,9903 -> 9531 -> 8172 -> 7443 -> 3996 -> 6264 -> 4176 -> 6174 -> 6174
9904,9904,0499,9,5,9441,9441,7.0,9904 -> 9441 -> 7992 -> 7173 -> 6354 -> 3087 -> 8352 -> 6174 -> 6174
9905,9905,0599,9,4,9351,9351,7.0,9905 -> 9351 -> 8172 -> 7443 -> 3996 -> 6264 -> 4176 -> 6174 -> 6174
9914,9914,1499,8,5,8442,8442,7.0,9914 -> 8442 -> 5994 -> 5355 -> 1998 -> 8082 -> 8532 -> 6174 -> 6174
9930,9930,0399,9,6,9531,9531,7.0,9930 -> 9531 -> 8172 -> 7443 -> 3996 -> 6264 -> 4176 -> 6174 -> 6174
9938,9938,3899,6,1,6084,6084,7.0,9938 -> 6084 -> 8172 -> 7443 -> 3996 -> 6264 -> 4176 -> 6174 -> 6174
9940,9940,0499,9,5,9441,9441,7.0,9940 -> 9441 -> 7992 -> 7173 -> 6354 -> 3087 -> 8352 -> 6174 -> 6174
9941,9941,1499,8,5,8442,8442,7.0,9941 -> 8442 -> 5994 -> 5355 -> 1998 -> 8082 -> 8532 -> 6174 -> 6174
9947,9947,4799,5,2,5175,5175,7.0,9947 -> 5175 -> 5994 -> 5355 -> 1998 -> 8082 -> 8532 -> 6174 -> 6174
9948,9948,4899,5,1,5085,5085,7.0,9948 -> 5085 -> 7992 -> 7173 -> 6354 -> 3087 -> 8352 -> 6174 -> 6174
9950,9950,0599,9,4,9351,9351,7.0,9950 -> 9351 -> 8172 -> 7443 -> 3996 -> 6264 -> 4176 -> 6174 -> 6174
9958,9958,5899,4,1,4086,4086,7.0,9958 -> 4086 -> 8172 -> 7443 -> 3996 -> 6264 -> 4176 -> 6174 -> 6174
9974,9974,4799,5,2,5175,5175,7.0,9974 -> 5175 -> 5994 -> 5355 -> 1998 -> 8082 -> 8532 -> 6174 -> 6174
9983,9983,3899,6,1,6084,6084,7.0,9983 -> 6084 -> 8172 -> 7443 -> 3996 -> 6264 -> 4176 -> 6174 -> 6174
9984,9984,4899,5,1,5085,5085,7.0,9984 -> 5085 -> 7992 -> 7173 -> 6354 -> 3087 -> 8352 -> 6174 -> 6174
9985,9985,5899,4,1,4086,4086,7.0,9985 -> 4086 -> 8172 -> 7443 -> 3996 -> 6264 -> 4176 -> 6174 -> 6174
